timestamp,heart_rate,steps,body_temp,temperature,humidity,pm25,pm10,respiratory_cases,viral_infections,co2_level,noise_level,risk_level
2024-01-01 00:00:00,0,0,0,25.64,0,37.65,40.2,0,0,0,0,low
2024-01-01 01:00:00,0,0,0,23.01,0,33.28,36.97,0,0,0,0,low
2024-01-01 02:00:00,0,0,0,24.24,0,35.04,35.21,0,0,0,0,low
2024-01-01 03:00:00,0,0,0,25.42,0,40.37,46.08,0,0,0,0,low
2024-01-01 04:00:00,0,0,0,26.96,0,52.2,56.11,0,0,0,0,low
2024-01-01 05:00:00,0,0,0,26.08,0,43.07,46.11,0,0,0,0,low
2024-01-01 06:00:00,0,0,0,26.99,0,46.27,50.15,0,0,0,0,low
2024-01-01 07:00:00,0,0,0,27.22,0,48.42,47.94,0,0,0,0,low
2024-01-01 08:00:00,0,0,0,28.07,0,41.12,46.81,0,0,0,0,low
2024-01-01 09:00:00,0,0,0,26.77,0,43.49,45.47,0,0,0,0,low
2024-01-01 10:00:00,0,0,0,28.0,0,48.84,52.59,0,0,0,0,low
2024-01-01 11:00:00,0,0,0,27.1,0,44.83,48.57,0,0,0,0,low
2024-01-01 12:00:00,0,0,0,26.9,0,44.14,45.03,0,0,0,0,low
2024-01-01 13:00:00,0,0,0,27.69,0,37.88,38.71,0,0,0,0,low
2024-01-01 14:00:00,0,0,0,28.35,0,49.85,52.02,0,0,0,0,low
2024-01-01 15:00:00,0,0,0,27.46,0,42.17,43.47,0,0,0,0,low
2024-01-01 16:00:00,0,0,0,28.93,0,54.79,56.71,0,0,0,0,low
2024-01-01 17:00:00,0,0,0,26.15,0,44.78,47.89,0,0,0,0,low
2024-01-01 18:00:00,0,0,0,26.73,0,39.82,41.91,0,0,0,0,low
2024-01-01 19:00:00,0,0,0,29.36,0,51.51,54.59,0,0,0,0,low
2024-01-01 20:00:00,0,0,0,29.32,0,42.56,46.53,0,0,0,0,low
2024-01-01 21:00:00,0,0,0,27.85,0,50.03,52.45,0,0,0,0,low
2024-01-01 22:00:00,0,0,0,29.25,0,50.08,49.62,0,0,0,0,low
2024-01-01 23:00:00,0,0,0,29.07,0,49.48,48.64,0,0,0,0,low
2024-01-02 00:00:00,0,0,0,28.16,0,48.84,48.71,0,0,0,0,low
2024-01-02 01:00:00,0,0,0,29.95,0,46.54,49.4,0,0,0,0,low
2024-01-02 02:00:00,0,0,0,30.17,0,52.71,55.37,0,0,0,0,low
2024-01-02 03:00:00,0,0,0,29.09,0,45.33,50.14,0,0,0,0,low
2024-01-02 04:00:00,0,0,0,30.94,0,49.76,52.27,0,0,0,0,low
2024-01-02 05:00:00,0,0,0,30.27,0,53.84,54.85,0,0,0,0,low
2024-01-02 06:00:00,0,0,0,29.53,0,46.8,50.34,0,0,0,0,low
2024-01-02 07:00:00,0,0,0,29.79,0,51.63,57.87,0,0,0,0,low
2024-01-02 08:00:00,0,0,0,29.75,0,47.84,53.37,0,0,0,0,low
2024-01-02 09:00:00,0,0,0,31.06,0,59.27,62.6,0,0,0,0,low
2024-01-02 10:00:00,0,0,0,29.92,0,52.0,55.11,0,0,0,0,low
2024-01-02 11:00:00,0,0,0,30.09,0,45.94,52.88,0,0,0,0,low
2024-01-02 12:00:00,0,0,0,30.35,0,47.16,52.45,0,0,0,0,low
2024-01-02 13:00:00,0,0,0,29.32,0,44.04,48.18,0,0,0,0,low
2024-01-02 14:00:00,0,0,0,29.58,0,49.88,53.11,0,0,0,0,low
2024-01-02 15:00:00,0,0,0,29.68,0,52.68,55.37,0,0,0,0,low
2024-01-02 16:00:00,0,0,0,29.03,0,38.49,41.26,0,0,0,0,low
2024-01-02 17:00:00,0,0,0,29.81,0,46.4,48.85,0,0,0,0,low
2024-01-02 18:00:00,0,0,0,30.15,0,55.5,59.79,0,0,0,0,low
2024-01-02 19:00:00,0,0,0,27.96,0,43.22,47.65,0,0,0,0,low
2024-01-02 20:00:00,0,0,0,30.99,0,55.79,55.94,0,0,0,0,low
2024-01-02 21:00:00,0,0,0,28.54,0,45.28,50.1,0,0,0,0,low
2024-01-02 22:00:00,0,0,0,29.82,0,56.9,59.22,0,0,0,0,low
2024-01-02 23:00:00,0,0,0,27.97,0,49.32,54.27,0,0,0,0,low
2024-01-03 00:00:00,0,0,0,28.09,0,45.17,46.22,0,0,0,0,low
2024-01-03 01:00:00,0,0,0,29.76,0,48.95,49.11,0,0,0,0,low
2024-01-03 02:00:00,0,0,0,27.67,0,38.47,41.54,0,0,0,0,low
2024-01-03 03:00:00,0,0,0,27.31,0,45.7,45.57,0,0,0,0,low
2024-01-03 04:00:00,0,0,0,30.75,0,55.16,56.08,0,0,0,0,low
2024-01-03 05:00:00,0,0,0,28.2,0,40.61,38.58,0,0,0,0,low
2024-01-03 06:00:00,0,0,0,27.81,0,51.97,50.83,0,0,0,0,low
2024-01-03 07:00:00,0,0,0,26.76,0,45.91,52.13,0,0,0,0,low
2024-01-03 08:00:00,0,0,0,27.87,0,49.14,54.63,0,0,0,0,low
2024-01-03 09:00:00,0,0,0,27.12,0,39.95,43.02,0,0,0,0,low
2024-01-03 10:00:00,0,0,0,26.86,0,40.78,40.25,0,0,0,0,low
2024-01-03 11:00:00,0,0,0,26.57,0,44.23,46.39,0,0,0,0,low
2024-01-03 12:00:00,0,0,0,26.07,0,42.14,45.39,0,0,0,0,low
2024-01-03 13:00:00,0,0,0,25.99,0,40.93,44.05,0,0,0,0,low
2024-01-03 14:00:00,0,0,0,26.93,0,44.98,50.08,0,0,0,0,low
2024-01-03 15:00:00,0,0,0,25.37,0,46.99,46.17,0,0,0,0,low
2024-01-03 16:00:00,0,0,0,26.73,0,41.49,45.86,0,0,0,0,low
2024-01-03 17:00:00,0,0,0,24.96,0,43.59,45.12,0,0,0,0,low
2024-01-03 18:00:00,0,0,0,25.14,0,33.32,38.5,0,0,0,0,low
2024-01-03 19:00:00,0,0,0,25.29,0,43.55,48.89,0,0,0,0,low
2024-01-03 20:00:00,0,0,0,25.25,0,45.45,48.07,0,0,0,0,low
2024-01-03 21:00:00,0,0,0,24.91,0,38.39,41.05,0,0,0,0,low
2024-01-03 22:00:00,0,0,0,25.38,0,32.4,36.39,0,0,0,0,low
2024-01-03 23:00:00,0,0,0,22.68,0,27.18,29.76,0,0,0,0,low
2024-01-04 00:00:00,0,0,0,23.37,0,35.04,35.06,0,0,0,0,low
2024-01-04 01:00:00,0,0,0,24.25,0,28.99,31.59,0,0,0,0,low
2024-01-04 02:00:00,0,0,0,24.45,0,41.43,40.68,0,0,0,0,low
2024-01-04 03:00:00,0,0,0,23.37,0,38.77,43.96,0,0,0,0,low
2024-01-04 04:00:00,0,0,0,24.11,0,41.58,40.9,0,0,0,0,low
2024-01-04 05:00:00,0,0,0,23.63,0,40.76,45.12,0,0,0,0,low
2024-01-04 06:00:00,0,0,0,22.9,0,38.37,42.03,0,0,0,0,low
2024-01-04 07:00:00,0,0,0,24.09,0,39.91,42.66,0,0,0,0,low
2024-01-04 08:00:00,0,0,0,23.52,0,37.32,39.24,0,0,0,0,low
2024-01-04 09:00:00,0,0,0,21.84,0,38.22,41.9,0,0,0,0,low
2024-01-04 10:00:00,0,0,0,23.78,0,41.48,46.01,0,0,0,0,low
2024-01-04 11:00:00,0,0,0,20.61,0,25.35,24.73,0,0,0,0,low
2024-01-04 12:00:00,0,0,0,22.55,0,36.9,35.17,0,0,0,0,low
2024-01-04 13:00:00,0,0,0,20.22,0,28.78,33.63,0,0,0,0,low
2024-01-04 14:00:00,0,0,0,20.8,0,29.73,32.87,0,0,0,0,low
2024-01-04 15:00:00,0,0,0,20.9,0,26.69,29.76,0,0,0,0,low
2024-01-04 16:00:00,0,0,0,19.8,0,29.47,29.71,0,0,0,0,low
2024-01-04 17:00:00,0,0,0,20.96,0,15.63,19.0,0,0,0,0,low
2024-01-04 18:00:00,0,0,0,19.55,0,26.93,26.61,0,0,0,0,low
2024-01-04 19:00:00,0,0,0,20.5,0,32.16,31.83,0,0,0,0,low
2024-01-04 20:00:00,0,0,0,19.93,0,30.73,32.28,0,0,0,0,low
2024-01-04 21:00:00,0,0,0,20.96,0,30.68,34.57,0,0,0,0,low
2024-01-04 22:00:00,0,0,0,19.72,0,22.11,29.13,0,0,0,0,low
2024-01-04 23:00:00,0,0,0,20.34,0,23.98,24.7,0,0,0,0,low
2024-01-05 00:00:00,0,0,0,20.91,0,38.84,41.1,0,0,0,0,low
2024-01-05 01:00:00,0,0,0,20.65,0,31.76,32.14,0,0,0,0,low
2024-01-05 02:00:00,0,0,0,20.14,0,33.68,35.51,0,0,0,0,low
2024-01-05 03:00:00,0,0,0,20.15,0,37.12,40.67,0,0,0,0,low
2024-01-05 04:00:00,0,0,0,17.73,0,22.44,22.69,0,0,0,0,low
2024-01-05 05:00:00,0,0,0,20.61,0,28.69,32.43,0,0,0,0,low
2024-01-05 06:00:00,0,0,0,19.57,0,27.81,30.18,0,0,0,0,low
2024-01-05 07:00:00,0,0,0,18.6,0,29.64,32.69,0,0,0,0,low
2024-01-05 08:00:00,0,0,0,21.25,0,25.75,27.71,0,0,0,0,low
2024-01-05 09:00:00,0,0,0,19.38,0,29.85,32.19,0,0,0,0,low
2024-01-05 10:00:00,0,0,0,19.65,0,26.32,25.45,0,0,0,0,low
2024-01-05 11:00:00,0,0,0,19.91,0,35.26,36.95,0,0,0,0,low
2024-01-05 12:00:00,0,0,0,19.66,0,22.12,25.38,0,0,0,0,low
2024-01-05 13:00:00,0,0,0,20.72,0,30.47,34.71,0,0,0,0,low
2024-01-05 14:00:00,0,0,0,19.83,0,29.01,29.78,0,0,0,0,low
2024-01-05 15:00:00,0,0,0,20.67,0,25.36,29.12,0,0,0,0,low
2024-01-05 16:00:00,0,0,0,20.12,0,31.24,35.39,0,0,0,0,low
2024-01-05 17:00:00,0,0,0,20.97,0,31.61,34.07,0,0,0,0,low
2024-01-05 18:00:00,0,0,0,22.64,0,33.88,38.94,0,0,0,0,low
2024-01-05 19:00:00,0,0,0,21.46,0,34.81,36.19,0,0,0,0,low
2024-01-05 20:00:00,0,0,0,21.93,0,25.48,25.59,0,0,0,0,low
2024-01-05 21:00:00,0,0,0,22.4,0,33.14,37.61,0,0,0,0,low
2024-01-05 22:00:00,0,0,0,21.42,0,45.06,45.01,0,0,0,0,low
2024-01-05 23:00:00,0,0,0,20.67,0,26.48,30.52,0,0,0,0,low
2024-01-06 00:00:00,0,0,0,23.11,0,40.91,41.34,0,0,0,0,low
2024-01-06 01:00:00,0,0,0,22.89,0,32.28,37.25,0,0,0,0,low
2024-01-06 02:00:00,0,0,0,21.7,0,36.29,39.08,0,0,0,0,low
2024-01-06 03:00:00,0,0,0,21.95,0,40.01,46.48,0,0,0,0,low
2024-01-06 04:00:00,0,0,0,22.42,0,26.17,28.22,0,0,0,0,low
2024-01-06 05:00:00,0,0,0,23.73,0,25.74,29.63,0,0,0,0,low
2024-01-06 06:00:00,0,0,0,23.28,0,40.12,43.24,0,0,0,0,low
2024-01-06 07:00:00,0,0,0,24.14,0,31.7,32.07,0,0,0,0,low
2024-01-06 08:00:00,0,0,0,24.74,0,35.35,38.42,0,0,0,0,low
2024-01-06 09:00:00,0,0,0,23.22,0,38.18,46.13,0,0,0,0,low
2024-01-06 10:00:00,0,0,0,22.56,0,43.71,45.18,0,0,0,0,low
2024-01-06 11:00:00,0,0,0,25.34,0,48.49,49.86,0,0,0,0,low
2024-01-06 12:00:00,0,0,0,25.53,0,40.87,45.22,0,0,0,0,low
2024-01-06 13:00:00,0,0,0,23.26,0,37.26,39.68,0,0,0,0,low
2024-01-06 14:00:00,0,0,0,27.25,0,40.85,43.62,0,0,0,0,low
2024-01-06 15:00:00,0,0,0,24.44,0,32.93,35.53,0,0,0,0,low
2024-01-06 16:00:00,0,0,0,24.12,0,35.57,38.26,0,0,0,0,low
2024-01-06 17:00:00,0,0,0,26.6,0,36.45,39.54,0,0,0,0,low
2024-01-06 18:00:00,0,0,0,25.79,0,50.82,54.76,0,0,0,0,low
2024-01-06 19:00:00,0,0,0,24.94,0,37.25,39.84,0,0,0,0,low
2024-01-06 20:00:00,0,0,0,24.54,0,42.1,46.92,0,0,0,0,low
2024-01-06 21:00:00,0,0,0,26.59,0,47.51,50.72,0,0,0,0,low
2024-01-06 22:00:00,0,0,0,27.76,0,42.76,45.79,0,0,0,0,low
2024-01-06 23:00:00,0,0,0,25.74,0,45.29,51.5,0,0,0,0,low
2024-01-07 00:00:00,0,0,0,27.03,0,42.83,48.47,0,0,0,0,low
2024-01-07 01:00:00,0,0,0,27.56,0,40.38,43.72,0,0,0,0,low
2024-01-07 02:00:00,0,0,0,27.08,0,48.58,51.68,0,0,0,0,low
2024-01-07 03:00:00,0,0,0,26.78,0,47.45,53.87,0,0,0,0,low
2024-01-07 04:00:00,0,0,0,27.58,0,51.95,55.26,0,0,0,0,low
2024-01-07 05:00:00,0,0,0,27.61,0,49.05,54.59,0,0,0,0,low
2024-01-07 06:00:00,0,0,0,27.69,0,39.73,47.27,0,0,0,0,low
2024-01-07 07:00:00,0,0,0,29.36,0,46.51,47.64,0,0,0,0,low
2024-01-07 08:00:00,0,0,0,29.41,0,55.57,58.88,0,0,0,0,low
2024-01-07 09:00:00,0,0,0,28.02,0,50.92,54.72,0,0,0,0,low
2024-01-07 10:00:00,0,0,0,29.34,0,48.1,53.66,0,0,0,0,low
2024-01-07 11:00:00,0,0,0,29.64,0,52.61,52.85,0,0,0,0,low
2024-01-07 12:00:00,0,0,0,30.54,0,50.1,56.33,0,0,0,0,low
2024-01-07 13:00:00,0,0,0,28.17,0,46.62,46.52,0,0,0,0,low
2024-01-07 14:00:00,0,0,0,30.4,0,45.62,43.37,0,0,0,0,low
2024-01-07 15:00:00,0,0,0,29.51,0,48.57,52.08,0,0,0,0,low
2024-01-07 16:00:00,0,0,0,29.01,0,51.17,51.15,0,0,0,0,low
2024-01-07 17:00:00,0,0,0,28.25,0,52.74,58.55,0,0,0,0,low
2024-01-07 18:00:00,0,0,0,31.29,0,53.53,56.33,0,0,0,0,low
2024-01-07 19:00:00,0,0,0,30.3,0,53.09,59.78,0,0,0,0,low
2024-01-07 20:00:00,0,0,0,29.98,0,48.74,51.47,0,0,0,0,low
2024-01-07 21:00:00,0,0,0,29.99,0,47.2,47.61,0,0,0,0,low
2024-01-07 22:00:00,0,0,0,31.0,0,50.08,53.55,0,0,0,0,low
2024-01-07 23:00:00,0,0,0,32.42,0,57.43,61.61,0,0,0,0,low
2024-01-08 00:00:00,0,0,0,29.33,0,48.88,53.09,0,0,0,0,low
2024-01-08 01:00:00,0,0,0,30.63,0,50.54,54.3,0,0,0,0,low
2024-01-08 02:00:00,0,0,0,28.87,0,50.24,55.76,0,0,0,0,low
2024-01-08 03:00:00,0,0,0,30.29,0,50.73,54.53,0,0,0,0,low
2024-01-08 04:00:00,0,0,0,30.6,0,55.84,56.01,0,0,0,0,low
2024-01-08 05:00:00,0,0,0,29.02,0,45.35,49.06,0,0,0,0,low
2024-01-08 06:00:00,0,0,0,27.74,0,35.77,39.52,0,0,0,0,low
2024-01-08 07:00:00,0,0,0,30.03,0,48.02,53.93,0,0,0,0,low
2024-01-08 08:00:00,0,0,0,29.4,0,46.07,50.22,0,0,0,0,low
2024-01-08 09:00:00,0,0,0,29.59,0,50.22,52.93,0,0,0,0,low
2024-01-08 10:00:00,0,0,0,29.66,0,52.85,56.53,0,0,0,0,low
2024-01-08 11:00:00,0,0,0,29.44,0,45.2,49.44,0,0,0,0,low
2024-01-08 12:00:00,0,0,0,29.0,0,50.58,53.1,0,0,0,0,low
2024-01-08 13:00:00,0,0,0,29.54,0,50.99,55.66,0,0,0,0,low
2024-01-08 14:00:00,0,0,0,29.59,0,43.25,45.59,0,0,0,0,low
2024-01-08 15:00:00,0,0,0,29.83,0,54.63,58.87,0,0,0,0,low
2024-01-08 16:00:00,0,0,0,27.08,0,43.66,41.85,0,0,0,0,low
2024-01-08 17:00:00,0,0,0,26.86,0,40.54,44.34,0,0,0,0,low
2024-01-08 18:00:00,0,0,0,25.98,0,36.54,37.59,0,0,0,0,low
2024-01-08 19:00:00,0,0,0,29.1,0,53.83,57.88,0,0,0,0,low
2024-01-08 20:00:00,0,0,0,29.46,0,55.31,59.63,0,0,0,0,low
2024-01-08 21:00:00,0,0,0,26.52,0,34.23,34.64,0,0,0,0,low
2024-01-08 22:00:00,0,0,0,27.75,0,35.3,40.94,0,0,0,0,low
2024-01-08 23:00:00,0,0,0,28.14,0,48.32,53.23,0,0,0,0,low
2024-01-09 00:00:00,0,0,0,27.5,0,45.26,47.55,0,0,0,0,low
2024-01-09 01:00:00,0,0,0,25.37,0,40.1,42.97,0,0,0,0,low
2024-01-09 02:00:00,0,0,0,27.83,0,45.83,44.66,0,0,0,0,low
2024-01-09 03:00:00,0,0,0,26.54,0,46.8,52.2,0,0,0,0,low
2024-01-09 04:00:00,0,0,0,25.03,0,41.05,43.8,0,0,0,0,low
2024-01-09 05:00:00,0,0,0,27.91,0,44.77,47.7,0,0,0,0,low
2024-01-09 06:00:00,0,0,0,26.09,0,48.34,50.25,0,0,0,0,low
2024-01-09 07:00:00,0,0,0,24.76,0,36.47,38.0,0,0,0,0,low
2024-01-09 08:00:00,0,0,0,23.6,0,32.33,34.21,0,0,0,0,low
2024-01-09 09:00:00,0,0,0,24.77,0,39.46,41.07,0,0,0,0,low
2024-01-09 10:00:00,0,0,0,24.75,0,43.31,47.47,0,0,0,0,low
2024-01-09 11:00:00,0,0,0,23.78,0,42.1,43.91,0,0,0,0,low
2024-01-09 12:00:00,0,0,0,24.09,0,38.77,44.65,0,0,0,0,low
2024-01-09 13:00:00,0,0,0,23.43,0,35.4,41.18,0,0,0,0,low
2024-01-09 14:00:00,0,0,0,22.41,0,40.28,44.49,0,0,0,0,low
2024-01-09 15:00:00,0,0,0,23.13,0,46.78,49.49,0,0,0,0,low
2024-01-09 16:00:00,0,0,0,22.92,0,27.29,32.14,0,0,0,0,low
2024-01-09 17:00:00,0,0,0,24.2,0,34.17,35.36,0,0,0,0,low
2024-01-09 18:00:00,0,0,0,22.53,0,34.27,40.91,0,0,0,0,low
2024-01-09 19:00:00,0,0,0,24.63,0,33.24,33.14,0,0,0,0,low
2024-01-09 20:00:00,0,0,0,22.81,0,44.58,46.22,0,0,0,0,low
2024-01-09 21:00:00,0,0,0,22.33,0,26.94,30.86,0,0,0,0,low
2024-01-09 22:00:00,0,0,0,22.02,0,34.71,40.32,0,0,0,0,low
2024-01-09 23:00:00,0,0,0,23.09,0,40.03,44.78,0,0,0,0,low
2024-01-10 00:00:00,0,0,0,20.5,0,33.75,36.36,0,0,0,0,low
2024-01-10 01:00:00,0,0,0,20.87,0,35.39,37.72,0,0,0,0,low
2024-01-10 02:00:00,0,0,0,20.56,0,34.99,34.81,0,0,0,0,low
2024-01-10 03:00:00,0,0,0,22.02,0,26.39,26.64,0,0,0,0,low
2024-01-10 04:00:00,0,0,0,21.73,0,26.37,29.37,0,0,0,0,low
2024-01-10 05:00:00,0,0,0,20.69,0,33.92,36.73,0,0,0,0,low
2024-01-10 06:00:00,0,0,0,20.84,0,32.4,35.11,0,0,0,0,low
2024-01-10 07:00:00,0,0,0,19.8,0,30.39,33.97,0,0,0,0,low
2024-01-10 08:00:00,0,0,0,20.53,0,38.59,42.02,0,0,0,0,low
2024-01-10 09:00:00,0,0,0,20.87,0,25.75,30.16,0,0,0,0,low
2024-01-10 10:00:00,0,0,0,20.07,0,30.83,34.07,0,0,0,0,low
2024-01-10 11:00:00,0,0,0,19.55,0,38.38,39.38,0,0,0,0,low
2024-01-10 12:00:00,0,0,0,19.88,0,28.49,32.18,0,0,0,0,low
2024-01-10 13:00:00,0,0,0,20.23,0,21.39,26.56,0,0,0,0,low
2024-01-10 14:00:00,0,0,0,19.93,0,31.76,36.21,0,0,0,0,low
2024-01-10 15:00:00,0,0,0,20.81,0,29.98,30.47,0,0,0,0,low
2024-01-10 16:00:00,0,0,0,20.76,0,22.57,26.83,0,0,0,0,low
2024-01-10 17:00:00,0,0,0,19.49,0,21.04,25.73,0,0,0,0,low
2024-01-10 18:00:00,0,0,0,20.96,0,27.6,35.19,0,0,0,0,low
2024-01-10 19:00:00,0,0,0,20.16,0,25.55,28.4,0,0,0,0,low
2024-01-10 20:00:00,0,0,0,21.43,0,30.58,32.35,0,0,0,0,low
2024-01-10 21:00:00,0,0,0,19.01,0,20.78,23.23,0,0,0,0,low
2024-01-10 22:00:00,0,0,0,20.25,0,28.33,38.04,0,0,0,0,low
2024-01-10 23:00:00,0,0,0,22.69,0,33.93,35.63,0,0,0,0,low
2024-01-11 00:00:00,0,0,0,22.42,0,37.37,42.72,0,0,0,0,low
2024-01-11 01:00:00,0,0,0,21.85,0,32.56,36.52,0,0,0,0,low
2024-01-11 02:00:00,0,0,0,19.95,0,35.55,39.82,0,0,0,0,low
2024-01-11 03:00:00,0,0,0,18.31,0,31.55,37.89,0,0,0,0,low
2024-01-11 04:00:00,0,0,0,19.53,0,27.44,28.1,0,0,0,0,low
2024-01-11 05:00:00,0,0,0,19.3,0,24.08,25.46,0,0,0,0,low
2024-01-11 06:00:00,0,0,0,21.15,0,31.08,37.18,0,0,0,0,low
2024-01-11 07:00:00,0,0,0,21.25,0,40.44,39.57,0,0,0,0,low
2024-01-11 08:00:00,0,0,0,21.29,0,26.98,29.43,0,0,0,0,low
2024-01-11 09:00:00,0,0,0,22.5,0,30.6,35.09,0,0,0,0,low
2024-01-11 10:00:00,0,0,0,21.76,0,30.18,30.3,0,0,0,0,low
2024-01-11 11:00:00,0,0,0,21.25,0,29.19,29.64,0,0,0,0,low
2024-01-11 12:00:00,0,0,0,19.54,0,31.17,33.31,0,0,0,0,low
2024-01-11 13:00:00,0,0,0,23.05,0,32.04,39.43,0,0,0,0,low
2024-01-11 14:00:00,0,0,0,21.27,0,36.26,39.96,0,0,0,0,low
2024-01-11 15:00:00,0,0,0,22.45,0,31.84,34.69,0,0,0,0,low
2024-01-11 16:00:00,0,0,0,22.17,0,25.25,28.81,0,0,0,0,low
2024-01-11 17:00:00,0,0,0,22.98,0,33.31,34.75,0,0,0,0,low
2024-01-11 18:00:00,0,0,0,23.91,0,41.6,47.99,0,0,0,0,low
2024-01-11 19:00:00,0,0,0,22.99,0,30.76,37.51,0,0,0,0,low
2024-01-11 20:00:00,0,0,0,22.68,0,38.45,41.31,0,0,0,0,low
2024-01-11 21:00:00,0,0,0,22.63,0,32.16,34.69,0,0,0,0,low
2024-01-11 22:00:00,0,0,0,24.42,0,43.22,46.34,0,0,0,0,low
2024-01-11 23:00:00,0,0,0,25.82,0,34.0,35.29,0,0,0,0,low
2024-01-12 00:00:00,0,0,0,24.14,0,38.61,38.9,0,0,0,0,low
2024-01-12 01:00:00,0,0,0,26.65,0,42.28,45.51,0,0,0,0,low
2024-01-12 02:00:00,0,0,0,24.34,0,30.9,36.72,0,0,0,0,low
2024-01-12 03:00:00,0,0,0,25.73,0,36.81,44.03,0,0,0,0,low
2024-01-12 04:00:00,0,0,0,25.24,0,36.05,40.68,0,0,0,0,low
2024-01-12 05:00:00,0,0,0,27.34,0,42.63,46.96,0,0,0,0,low
2024-01-12 06:00:00,0,0,0,27.92,0,38.18,39.09,0,0,0,0,low
2024-01-12 07:00:00,0,0,0,25.45,0,32.28,36.88,0,0,0,0,low
2024-01-12 08:00:00,0,0,0,26.15,0,43.43,43.48,0,0,0,0,low
2024-01-12 09:00:00,0,0,0,26.65,0,35.29,39.55,0,0,0,0,low
2024-01-12 10:00:00,0,0,0,26.76,0,47.97,53.34,0,0,0,0,low
2024-01-12 11:00:00,0,0,0,27.04,0,38.57,41.6,0,0,0,0,low
2024-01-12 12:00:00,0,0,0,26.58,0,38.51,41.07,0,0,0,0,low
2024-01-12 13:00:00,0,0,0,27.8,0,56.66,55.65,0,0,0,0,low
2024-01-12 14:00:00,0,0,0,28.12,0,40.02,42.35,0,0,0,0,low
2024-01-12 15:00:00,0,0,0,28.34,0,46.74,46.71,0,0,0,0,low
2024-01-12 16:00:00,0,0,0,27.4,0,38.33,40.07,0,0,0,0,low
2024-01-12 17:00:00,0,0,0,27.7,0,44.65,44.69,0,0,0,0,low
2024-01-12 18:00:00,0,0,0,28.67,0,44.15,50.05,0,0,0,0,low
2024-01-12 19:00:00,0,0,0,28.13,0,49.1,54.97,0,0,0,0,low
2024-01-12 20:00:00,0,0,0,29.54,0,49.46,49.15,0,0,0,0,low
2024-01-12 21:00:00,0,0,0,29.14,0,47.95,51.11,0,0,0,0,low
2024-01-12 22:00:00,0,0,0,28.92,0,51.9,54.91,0,0,0,0,low
2024-01-12 23:00:00,0,0,0,30.41,0,54.82,56.55,0,0,0,0,low
2024-01-13 00:00:00,0,0,0,30.68,0,61.45,64.94,0,0,0,0,low
2024-01-13 01:00:00,0,0,0,31.34,0,46.14,49.4,0,0,0,0,low
2024-01-13 02:00:00,0,0,0,29.51,0,47.86,51.6,0,0,0,0,low
2024-01-13 03:00:00,0,0,0,30.05,0,59.81,62.85,0,0,0,0,low
2024-01-13 04:00:00,0,0,0,29.54,0,45.89,46.33,0,0,0,0,low
2024-01-13 05:00:00,0,0,0,29.17,0,45.47,51.0,0,0,0,0,low
2024-01-13 06:00:00,0,0,0,29.55,0,49.24,52.02,0,0,0,0,low
2024-01-13 07:00:00,0,0,0,30.24,0,45.12,49.61,0,0,0,0,low
2024-01-13 08:00:00,0,0,0,29.11,0,44.25,45.4,0,0,0,0,low
2024-01-13 09:00:00,0,0,0,27.71,0,42.13,42.27,0,0,0,0,low
2024-01-13 10:00:00,0,0,0,29.6,0,42.72,43.82,0,0,0,0,low
2024-01-13 11:00:00,0,0,0,30.67,0,49.15,53.65,0,0,0,0,low
2024-01-13 12:00:00,0,0,0,30.3,0,45.37,44.95,0,0,0,0,low
2024-01-13 13:00:00,0,0,0,29.65,0,41.02,41.93,0,0,0,0,low
2024-01-13 14:00:00,0,0,0,29.77,0,62.31,66.98,0,0,0,0,low
2024-01-13 15:00:00,0,0,0,29.11,0,49.37,50.69,0,0,0,0,low
2024-01-13 16:00:00,0,0,0,30.89,0,63.71,68.56,0,0,0,0,low
2024-01-13 17:00:00,0,0,0,30.26,0,55.4,63.58,0,0,0,0,low
2024-01-13 18:00:00,0,0,0,29.43,0,54.38,57.28,0,0,0,0,low
2024-01-13 19:00:00,0,0,0,27.05,0,36.41,40.56,0,0,0,0,low
2024-01-13 20:00:00,0,0,0,29.62,0,44.8,48.13,0,0,0,0,low
2024-01-13 21:00:00,0,0,0,30.4,0,44.81,53.42,0,0,0,0,low
2024-01-13 22:00:00,0,0,0,29.68,0,46.55,47.08,0,0,0,0,low
2024-01-13 23:00:00,0,0,0,29.7,0,44.83,46.73,0,0,0,0,low
2024-01-14 00:00:00,0,0,0,30.05,0,52.79,56.53,0,0,0,0,low
2024-01-14 01:00:00,0,0,0,29.23,0,46.51,48.38,0,0,0,0,low
2024-01-14 02:00:00,0,0,0,26.57,0,46.77,45.98,0,0,0,0,low
2024-01-14 03:00:00,0,0,0,27.19,0,44.38,48.67,0,0,0,0,low
2024-01-14 04:00:00,0,0,0,30.45,0,54.86,57.6,0,0,0,0,low
2024-01-14 05:00:00,0,0,0,27.71,0,45.57,48.61,0,0,0,0,low
2024-01-14 06:00:00,0,0,0,27.09,0,50.49,54.62,0,0,0,0,low
2024-01-14 07:00:00,0,0,0,27.42,0,45.22,48.73,0,0,0,0,low
2024-01-14 08:00:00,0,0,0,28.74,0,48.12,48.05,0,0,0,0,low
2024-01-14 09:00:00,0,0,0,26.27,0,39.95,38.31,0,0,0,0,low
2024-01-14 10:00:00,0,0,0,26.44,0,36.42,41.15,0,0,0,0,low
2024-01-14 11:00:00,0,0,0,27.26,0,52.8,55.4,0,0,0,0,low
2024-01-14 12:00:00,0,0,0,27.87,0,50.26,54.59,0,0,0,0,low
2024-01-14 13:00:00,0,0,0,26.54,0,41.54,44.5,0,0,0,0,low
2024-01-14 14:00:00,0,0,0,27.23,0,43.96,42.35,0,0,0,0,low
2024-01-14 15:00:00,0,0,0,25.25,0,31.79,31.64,0,0,0,0,low
2024-01-14 16:00:00,0,0,0,24.76,0,32.14,34.2,0,0,0,0,low
2024-01-14 17:00:00,0,0,0,24.39,0,33.47,34.65,0,0,0,0,low
2024-01-14 18:00:00,0,0,0,25.73,0,38.78,44.42,0,0,0,0,low
2024-01-14 19:00:00,0,0,0,25.88,0,43.92,45.11,0,0,0,0,low
2024-01-14 20:00:00,0,0,0,25.1,0,45.32,48.99,0,0,0,0,low
2024-01-14 21:00:00,0,0,0,23.19,0,41.85,48.2,0,0,0,0,low
2024-01-14 22:00:00,0,0,0,24.56,0,38.55,44.52,0,0,0,0,low
2024-01-14 23:00:00,0,0,0,25.08,0,38.73,42.73,0,0,0,0,low
2024-01-15 00:00:00,0,0,0,25.15,0,36.38,38.63,0,0,0,0,low
2024-01-15 01:00:00,0,0,0,22.93,0,35.27,37.53,0,0,0,0,low
2024-01-15 02:00:00,0,0,0,24.12,0,35.55,37.33,0,0,0,0,low
2024-01-15 03:00:00,0,0,0,23.05,0,32.16,35.23,0,0,0,0,low
2024-01-15 04:00:00,0,0,0,23.3,0,34.95,38.62,0,0,0,0,low
2024-01-15 05:00:00,0,0,0,23.5,0,38.43,40.81,0,0,0,0,low
2024-01-15 06:00:00,0,0,0,23.31,0,31.58,32.68,0,0,0,0,low
2024-01-15 07:00:00,0,0,0,24.71,0,47.12,48.95,0,0,0,0,low
2024-01-15 08:00:00,0,0,0,22.02,0,25.71,27.68,0,0,0,0,low
2024-01-15 09:00:00,0,0,0,23.36,0,30.16,32.14,0,0,0,0,low
2024-01-15 10:00:00,0,0,0,22.51,0,36.0,37.62,0,0,0,0,low
2024-01-15 11:00:00,0,0,0,21.0,0,32.08,37.04,0,0,0,0,low
2024-01-15 12:00:00,0,0,0,20.76,0,29.13,31.93,0,0,0,0,low
2024-01-15 13:00:00,0,0,0,21.88,0,39.52,42.73,0,0,0,0,low
2024-01-15 14:00:00,0,0,0,22.19,0,45.71,51.43,0,0,0,0,low
2024-01-15 15:00:00,0,0,0,23.57,0,40.27,46.99,0,0,0,0,low
2024-01-15 16:00:00,0,0,0,20.57,0,31.57,33.19,0,0,0,0,low
2024-01-15 17:00:00,0,0,0,21.74,0,36.7,37.58,0,0,0,0,low
2024-01-15 18:00:00,0,0,0,19.04,0,27.35,29.57,0,0,0,0,low
2024-01-15 19:00:00,0,0,0,21.75,0,27.7,27.47,0,0,0,0,low
2024-01-15 20:00:00,0,0,0,21.18,0,28.05,30.99,0,0,0,0,low
2024-01-15 21:00:00,0,0,0,21.2,0,31.22,33.21,0,0,0,0,low
2024-01-15 22:00:00,0,0,0,21.48,0,37.53,39.8,0,0,0,0,low
2024-01-15 23:00:00,0,0,0,21.41,0,32.32,32.57,0,0,0,0,low
2024-01-16 00:00:00,0,0,0,21.2,0,36.02,34.55,0,0,0,0,low
2024-01-16 01:00:00,0,0,0,19.31,0,23.66,27.98,0,0,0,0,low
2024-01-16 02:00:00,0,0,0,21.66,0,35.71,41.9,0,0,0,0,low
2024-01-16 03:00:00,0,0,0,22.73,0,41.19,42.09,0,0,0,0,low
2024-01-16 04:00:00,0,0,0,20.83,0,25.11,26.93,0,0,0,0,low
2024-01-16 05:00:00,0,0,0,21.64,0,29.18,31.92,0,0,0,0,low
2024-01-16 06:00:00,0,0,0,19.82,0,24.98,31.19,0,0,0,0,low
2024-01-16 07:00:00,0,0,0,19.18,0,27.74,27.4,0,0,0,0,low
2024-01-16 08:00:00,0,0,0,18.96,0,28.64,31.97,0,0,0,0,low
2024-01-16 09:00:00,0,0,0,20.46,0,22.87,26.15,0,0,0,0,low
2024-01-16 10:00:00,0,0,0,18.49,0,26.63,27.95,0,0,0,0,low
2024-01-16 11:00:00,0,0,0,20.28,0,27.79,31.68,0,0,0,0,low
2024-01-16 12:00:00,0,0,0,21.09,0,35.0,36.3,0,0,0,0,low
2024-01-16 13:00:00,0,0,0,22.11,0,44.15,46.61,0,0,0,0,low
2024-01-16 14:00:00,0,0,0,21.09,0,32.54,36.16,0,0,0,0,low
2024-01-16 15:00:00,0,0,0,20.5,0,23.89,23.81,0,0,0,0,low
2024-01-16 16:00:00,0,0,0,18.5,0,35.4,41.02,0,0,0,0,low
2024-01-16 17:00:00,0,0,0,19.99,0,30.47,34.69,0,0,0,0,low
2024-01-16 18:00:00,0,0,0,22.24,0,40.71,44.6,0,0,0,0,low
2024-01-16 19:00:00,0,0,0,20.74,0,21.35,24.69,0,0,0,0,low
2024-01-16 20:00:00,0,0,0,21.0,0,35.73,38.79,0,0,0,0,low
2024-01-16 21:00:00,0,0,0,22.24,0,37.19,43.63,0,0,0,0,low
2024-01-16 22:00:00,0,0,0,21.6,0,37.87,41.37,0,0,0,0,low
2024-01-16 23:00:00,0,0,0,21.63,0,25.56,28.28,0,0,0,0,low
2024-01-17 00:00:00,0,0,0,20.82,0,32.94,39.78,0,0,0,0,low
2024-01-17 01:00:00,0,0,0,19.62,0,32.93,34.95,0,0,0,0,low
2024-01-17 02:00:00,0,0,0,22.41,0,31.37,32.82,0,0,0,0,low
2024-01-17 03:00:00,0,0,0,22.32,0,38.27,38.44,0,0,0,0,low
2024-01-17 04:00:00,0,0,0,22.21,0,44.62,49.46,0,0,0,0,low
2024-01-17 05:00:00,0,0,0,22.65,0,34.53,38.5,0,0,0,0,low
2024-01-17 06:00:00,0,0,0,22.57,0,32.27,34.77,0,0,0,0,low
2024-01-17 07:00:00,0,0,0,21.53,0,34.39,34.53,0,0,0,0,low
2024-01-17 08:00:00,0,0,0,23.91,0,45.4,47.88,0,0,0,0,low
2024-01-17 09:00:00,0,0,0,22.78,0,37.62,40.39,0,0,0,0,low
2024-01-17 10:00:00,0,0,0,23.48,0,39.93,40.93,0,0,0,0,low
2024-01-17 11:00:00,0,0,0,23.96,0,38.29,42.15,0,0,0,0,low
2024-01-17 12:00:00,0,0,0,22.44,0,36.12,41.62,0,0,0,0,low
2024-01-17 13:00:00,0,0,0,23.5,0,42.86,45.99,0,0,0,0,low
2024-01-17 14:00:00,0,0,0,25.66,0,40.74,47.53,0,0,0,0,low
2024-01-17 15:00:00,0,0,0,25.5,0,38.93,43.14,0,0,0,0,low
2024-01-17 16:00:00,0,0,0,25.13,0,42.24,47.48,0,0,0,0,low
2024-01-17 17:00:00,0,0,0,25.31,0,43.15,44.92,0,0,0,0,low
2024-01-17 18:00:00,0,0,0,25.27,0,47.76,52.45,0,0,0,0,low
2024-01-17 19:00:00,0,0,0,26.09,0,41.58,45.99,0,0,0,0,low
2024-01-17 20:00:00,0,0,0,26.35,0,47.04,45.71,0,0,0,0,low
2024-01-17 21:00:00,0,0,0,26.94,0,49.23,47.89,0,0,0,0,low
2024-01-17 22:00:00,0,0,0,27.07,0,46.6,48.4,0,0,0,0,low
2024-01-17 23:00:00,0,0,0,27.14,0,41.48,45.71,0,0,0,0,low
2024-01-18 00:00:00,0,0,0,27.39,0,53.51,55.3,0,0,0,0,low
2024-01-18 01:00:00,0,0,0,27.08,0,36.28,42.45,0,0,0,0,low
2024-01-18 02:00:00,0,0,0,26.39,0,39.66,41.17,0,0,0,0,low
2024-01-18 03:00:00,0,0,0,28.83,0,45.32,47.94,0,0,0,0,low
2024-01-18 04:00:00,0,0,0,27.02,0,44.63,49.04,0,0,0,0,low
2024-01-18 05:00:00,0,0,0,27.7,0,42.55,48.27,0,0,0,0,low
2024-01-18 06:00:00,0,0,0,27.19,0,60.09,62.03,0,0,0,0,low
2024-01-18 07:00:00,0,0,0,28.82,0,39.92,39.1,0,0,0,0,low
2024-01-18 08:00:00,0,0,0,28.13,0,36.85,36.73,0,0,0,0,low
2024-01-18 09:00:00,0,0,0,30.34,0,46.79,52.78,0,0,0,0,low
2024-01-18 10:00:00,0,0,0,29.84,0,60.74,64.37,0,0,0,0,low
2024-01-18 11:00:00,0,0,0,29.09,0,45.83,47.78,0,0,0,0,low
2024-01-18 12:00:00,0,0,0,31.35,0,68.7,74.34,0,0,0,0,low
2024-01-18 13:00:00,0,0,0,29.07,0,55.3,59.26,0,0,0,0,low
2024-01-18 14:00:00,0,0,0,29.44,0,44.7,49.62,0,0,0,0,low
2024-01-18 15:00:00,0,0,0,30.18,0,43.01,46.22,0,0,0,0,low
2024-01-18 16:00:00,0,0,0,28.23,0,46.65,48.39,0,0,0,0,low
2024-01-18 17:00:00,0,0,0,28.68,0,55.46,58.18,0,0,0,0,low
2024-01-18 18:00:00,0,0,0,30.05,0,56.54,58.94,0,0,0,0,low
2024-01-18 19:00:00,0,0,0,30.34,0,52.52,56.35,0,0,0,0,low
2024-01-18 20:00:00,0,0,0,29.78,0,44.59,46.36,0,0,0,0,low
2024-01-18 21:00:00,0,0,0,28.81,0,40.04,44.17,0,0,0,0,low
2024-01-18 22:00:00,0,0,0,28.44,0,55.53,54.29,0,0,0,0,low
2024-01-18 23:00:00,0,0,0,30.76,0,57.5,61.74,0,0,0,0,low
2024-01-19 00:00:00,0,0,0,29.37,0,45.73,49.03,0,0,0,0,low
2024-01-19 01:00:00,0,0,0,29.63,0,45.34,44.65,0,0,0,0,low
2024-01-19 02:00:00,0,0,0,29.05,0,48.73,53.53,0,0,0,0,low
2024-01-19 03:00:00,0,0,0,31.37,0,50.78,54.9,0,0,0,0,low
2024-01-19 04:00:00,0,0,0,31.49,0,48.65,50.08,0,0,0,0,low
2024-01-19 05:00:00,0,0,0,26.86,0,42.54,43.85,0,0,0,0,low
2024-01-19 06:00:00,0,0,0,30.31,0,41.58,42.56,0,0,0,0,low
2024-01-19 07:00:00,0,0,0,32.37,0,57.55,61.27,0,0,0,0,low
2024-01-19 08:00:00,0,0,0,29.35,0,51.67,53.09,0,0,0,0,low
2024-01-19 09:00:00,0,0,0,32.09,0,56.15,57.62,0,0,0,0,low
2024-01-19 10:00:00,0,0,0,29.55,0,51.5,55.98,0,0,0,0,low
2024-01-19 11:00:00,0,0,0,29.34,0,54.16,58.51,0,0,0,0,low
2024-01-19 12:00:00,0,0,0,29.2,0,50.16,52.26,0,0,0,0,low
2024-01-19 13:00:00,0,0,0,28.94,0,50.63,54.09,0,0,0,0,low
2024-01-19 14:00:00,0,0,0,31.04,0,56.83,59.42,0,0,0,0,low
2024-01-19 15:00:00,0,0,0,30.28,0,54.41,55.32,0,0,0,0,low
2024-01-19 16:00:00,0,0,0,28.34,0,46.45,50.68,0,0,0,0,low
2024-01-19 17:00:00,0,0,0,28.84,0,46.34,49.98,0,0,0,0,low
2024-01-19 18:00:00,0,0,0,29.07,0,46.5,50.18,0,0,0,0,low
2024-01-19 19:00:00,0,0,0,29.52,0,53.63,54.95,0,0,0,0,low
2024-01-19 20:00:00,0,0,0,26.2,0,39.86,46.84,0,0,0,0,low
2024-01-19 21:00:00,0,0,0,28.56,0,49.55,50.75,0,0,0,0,low
2024-01-19 22:00:00,0,0,0,29.04,0,54.21,57.18,0,0,0,0,low
2024-01-19 23:00:00,0,0,0,29.13,0,48.43,49.81,0,0,0,0,low
2024-01-20 00:00:00,0,0,0,27.86,0,48.66,48.76,0,0,0,0,low
2024-01-20 01:00:00,0,0,0,27.58,0,53.94,56.36,0,0,0,0,low
2024-01-20 02:00:00,0,0,0,28.42,0,47.16,52.39,0,0,0,0,low
2024-01-20 03:00:00,0,0,0,26.74,0,43.84,45.16,0,0,0,0,low
2024-01-20 04:00:00,0,0,0,27.39,0,46.99,53.66,0,0,0,0,low
2024-01-20 05:00:00,0,0,0,26.0,0,37.93,43.14,0,0,0,0,low
2024-01-20 06:00:00,0,0,0,25.39,0,38.15,40.31,0,0,0,0,low
2024-01-20 07:00:00,0,0,0,26.34,0,49.19,49.24,0,0,0,0,low
2024-01-20 08:00:00,0,0,0,24.44,0,42.7,42.73,0,0,0,0,low
2024-01-20 09:00:00,0,0,0,25.25,0,39.37,44.24,0,0,0,0,low
2024-01-20 10:00:00,0,0,0,26.25,0,42.96,48.45,0,0,0,0,low
2024-01-20 11:00:00,0,0,0,25.34,0,45.76,49.48,0,0,0,0,low
2024-01-20 12:00:00,0,0,0,25.8,0,53.29,56.12,0,0,0,0,low
2024-01-20 13:00:00,0,0,0,24.25,0,35.69,41.94,0,0,0,0,low
2024-01-20 14:00:00,0,0,0,23.72,0,36.34,41.7,0,0,0,0,low
2024-01-20 15:00:00,0,0,0,22.64,0,34.65,35.64,0,0,0,0,low
2024-01-20 16:00:00,0,0,0,22.74,0,23.93,27.09,0,0,0,0,low
2024-01-20 17:00:00,0,0,0,24.12,0,39.87,42.35,0,0,0,0,low
2024-01-20 18:00:00,0,0,0,21.54,0,33.76,35.96,0,0,0,0,low
2024-01-20 19:00:00,0,0,0,22.49,0,37.91,41.71,0,0,0,0,low
2024-01-20 20:00:00,0,0,0,22.21,0,32.18,30.99,0,0,0,0,low
2024-01-20 21:00:00,0,0,0,22.48,0,43.91,44.35,0,0,0,0,low
2024-01-20 22:00:00,0,0,0,21.83,0,26.64,26.52,0,0,0,0,low
2024-01-20 23:00:00,0,0,0,22.4,0,37.05,39.91,0,0,0,0,low
2024-01-21 00:00:00,0,0,0,20.52,0,26.21,26.51,0,0,0,0,low
2024-01-21 01:00:00,0,0,0,20.21,0,29.2,33.53,0,0,0,0,low
2024-01-21 02:00:00,0,0,0,22.6,0,38.3,38.08,0,0,0,0,low
2024-01-21 03:00:00,0,0,0,21.06,0,36.42,40.85,0,0,0,0,low
2024-01-21 04:00:00,0,0,0,21.74,0,36.76,39.35,0,0,0,0,low
2024-01-21 05:00:00,0,0,0,19.86,0,29.4,33.52,0,0,0,0,low
2024-01-21 06:00:00,0,0,0,22.58,0,33.24,39.1,0,0,0,0,low
2024-01-21 07:00:00,0,0,0,20.97,0,31.32,30.32,0,0,0,0,low
2024-01-21 08:00:00,0,0,0,20.32,0,38.72,39.14,0,0,0,0,low
2024-01-21 09:00:00,0,0,0,20.82,0,20.3,24.65,0,0,0,0,low
2024-01-21 10:00:00,0,0,0,19.16,0,27.31,33.33,0,0,0,0,low
2024-01-21 11:00:00,0,0,0,20.52,0,26.75,29.92,0,0,0,0,low
2024-01-21 12:00:00,0,0,0,21.95,0,22.74,23.08,0,0,0,0,low
2024-01-21 13:00:00,0,0,0,18.73,0,29.06,29.58,0,0,0,0,low
2024-01-21 14:00:00,0,0,0,20.29,0,28.62,32.86,0,0,0,0,low
2024-01-21 15:00:00,0,0,0,19.64,0,25.8,28.21,0,0,0,0,low
2024-01-21 16:00:00,0,0,0,18.32,0,26.6,30.35,0,0,0,0,low
2024-01-21 17:00:00,0,0,0,19.6,0,32.99,35.67,0,0,0,0,low
2024-01-21 18:00:00,0,0,0,19.87,0,26.34,29.67,0,0,0,0,low
2024-01-21 19:00:00,0,0,0,18.79,0,33.22,39.76,0,0,0,0,low
2024-01-21 20:00:00,0,0,0,19.04,0,28.98,32.16,0,0,0,0,low
2024-01-21 21:00:00,0,0,0,18.42,0,32.01,35.15,0,0,0,0,low
2024-01-21 22:00:00,0,0,0,21.17,0,19.88,24.86,0,0,0,0,low
2024-01-21 23:00:00,0,0,0,19.77,0,32.66,33.17,0,0,0,0,low
2024-01-22 00:00:00,0,0,0,21.25,0,35.82,36.99,0,0,0,0,low
2024-01-22 01:00:00,0,0,0,20.12,0,35.1,41.61,0,0,0,0,low
2024-01-22 02:00:00,0,0,0,18.67,0,34.47,33.15,0,0,0,0,low
2024-01-22 03:00:00,0,0,0,20.51,0,30.33,32.57,0,0,0,0,low
2024-01-22 04:00:00,0,0,0,21.48,0,40.41,41.85,0,0,0,0,low
2024-01-22 05:00:00,0,0,0,21.51,0,27.58,29.82,0,0,0,0,low
2024-01-22 06:00:00,0,0,0,20.29,0,28.93,31.46,0,0,0,0,low
2024-01-22 07:00:00,0,0,0,20.81,0,35.14,42.65,0,0,0,0,low
2024-01-22 08:00:00,0,0,0,20.15,0,28.45,31.78,0,0,0,0,low
2024-01-22 09:00:00,0,0,0,22.11,0,31.45,35.01,0,0,0,0,low
2024-01-22 10:00:00,0,0,0,20.78,0,30.8,32.04,0,0,0,0,low
2024-01-22 11:00:00,0,0,0,20.95,0,17.42,15.7,0,0,0,0,low
2024-01-22 12:00:00,0,0,0,23.1,0,29.83,34.13,0,0,0,0,low
2024-01-22 13:00:00,0,0,0,21.57,0,31.02,33.34,0,0,0,0,low
2024-01-22 14:00:00,0,0,0,20.7,0,28.3,30.71,0,0,0,0,low
2024-01-22 15:00:00,0,0,0,22.77,0,38.05,41.81,0,0,0,0,low
2024-01-22 16:00:00,0,0,0,21.58,0,30.17,30.15,0,0,0,0,low
2024-01-22 17:00:00,0,0,0,22.17,0,32.77,32.84,0,0,0,0,low
2024-01-22 18:00:00,0,0,0,23.04,0,33.12,37.88,0,0,0,0,low
2024-01-22 19:00:00,0,0,0,21.64,0,33.1,38.38,0,0,0,0,low
2024-01-22 20:00:00,0,0,0,23.06,0,44.65,49.68,0,0,0,0,low
2024-01-22 21:00:00,0,0,0,22.69,0,39.09,42.72,0,0,0,0,low
2024-01-22 22:00:00,0,0,0,24.3,0,46.22,48.25,0,0,0,0,low
2024-01-22 23:00:00,0,0,0,22.64,0,38.45,40.0,0,0,0,0,low
2024-01-23 00:00:00,0,0,0,24.39,0,29.33,30.31,0,0,0,0,low
2024-01-23 01:00:00,0,0,0,25.51,0,40.8,41.14,0,0,0,0,low
2024-01-23 02:00:00,0,0,0,24.69,0,32.26,35.1,0,0,0,0,low
2024-01-23 03:00:00,0,0,0,23.86,0,35.51,35.45,0,0,0,0,low
2024-01-23 04:00:00,0,0,0,26.87,0,44.86,46.2,0,0,0,0,low
2024-01-23 05:00:00,0,0,0,25.17,0,38.77,40.68,0,0,0,0,low
2024-01-23 06:00:00,0,0,0,25.01,0,40.73,46.61,0,0,0,0,low
2024-01-23 07:00:00,0,0,0,24.13,0,35.96,35.83,0,0,0,0,low
2024-01-23 08:00:00,0,0,0,26.95,0,48.81,50.29,0,0,0,0,low
2024-01-23 09:00:00,0,0,0,25.47,0,37.77,39.74,0,0,0,0,low
2024-01-23 10:00:00,0,0,0,25.01,0,37.28,40.76,0,0,0,0,low
2024-01-23 11:00:00,0,0,0,27.72,0,41.97,42.08,0,0,0,0,low
2024-01-23 12:00:00,0,0,0,23.66,0,32.42,34.45,0,0,0,0,low
2024-01-23 13:00:00,0,0,0,25.89,0,44.29,47.49,0,0,0,0,low
2024-01-23 14:00:00,0,0,0,27.47,0,45.46,48.13,0,0,0,0,low
2024-01-23 15:00:00,0,0,0,27.52,0,39.73,41.06,0,0,0,0,low
2024-01-23 16:00:00,0,0,0,28.13,0,45.76,49.84,0,0,0,0,low
2024-01-23 17:00:00,0,0,0,26.02,0,40.62,45.13,0,0,0,0,low
2024-01-23 18:00:00,0,0,0,27.6,0,46.1,48.16,0,0,0,0,low
2024-01-23 19:00:00,0,0,0,29.57,0,48.84,52.47,0,0,0,0,low
2024-01-23 20:00:00,0,0,0,28.01,0,49.87,47.34,0,0,0,0,low
2024-01-23 21:00:00,0,0,0,27.52,0,49.34,52.37,0,0,0,0,low
2024-01-23 22:00:00,0,0,0,30.01,0,52.95,57.46,0,0,0,0,low
2024-01-23 23:00:00,0,0,0,29.51,0,47.22,53.33,0,0,0,0,low
2024-01-24 00:00:00,0,0,0,28.22,0,42.87,44.08,0,0,0,0,low
2024-01-24 01:00:00,0,0,0,30.22,0,51.7,53.48,0,0,0,0,low
2024-01-24 02:00:00,0,0,0,28.23,0,43.94,46.52,0,0,0,0,low
2024-01-24 03:00:00,0,0,0,29.66,0,44.21,48.63,0,0,0,0,low
2024-01-24 04:00:00,0,0,0,28.01,0,40.21,42.99,0,0,0,0,low
2024-01-24 05:00:00,0,0,0,30.22,0,56.43,58.23,0,0,0,0,low
2024-01-24 06:00:00,0,0,0,28.16,0,44.76,47.54,0,0,0,0,low
2024-01-24 07:00:00,0,0,0,30.02,0,48.87,58.14,0,0,0,0,low
2024-01-24 08:00:00,0,0,0,30.1,0,52.86,57.5,0,0,0,0,low
2024-01-24 09:00:00,0,0,0,29.82,0,57.7,61.47,0,0,0,0,low
2024-01-24 10:00:00,0,0,0,29.85,0,46.98,48.94,0,0,0,0,low
2024-01-24 11:00:00,0,0,0,28.75,0,56.83,62.82,0,0,0,0,low
2024-01-24 12:00:00,0,0,0,31.78,0,50.57,57.18,0,0,0,0,low
2024-01-24 13:00:00,0,0,0,31.64,0,50.63,56.02,0,0,0,0,low
2024-01-24 14:00:00,0,0,0,29.23,0,41.09,43.49,0,0,0,0,low
2024-01-24 15:00:00,0,0,0,29.65,0,59.57,64.78,0,0,0,0,low
2024-01-24 16:00:00,0,0,0,29.22,0,49.19,52.51,0,0,0,0,low
2024-01-24 17:00:00,0,0,0,29.11,0,48.1,53.03,0,0,0,0,low
2024-01-24 18:00:00,0,0,0,28.7,0,63.36,65.34,0,0,0,0,low
2024-01-24 19:00:00,0,0,0,28.79,0,51.27,54.64,0,0,0,0,low
2024-01-24 20:00:00,0,0,0,30.08,0,49.93,52.84,0,0,0,0,low
2024-01-24 21:00:00,0,0,0,31.49,0,51.28,54.12,0,0,0,0,low
2024-01-24 22:00:00,0,0,0,28.96,0,43.76,44.73,0,0,0,0,low
2024-01-24 23:00:00,0,0,0,27.49,0,47.95,53.28,0,0,0,0,low
2024-01-25 00:00:00,0,0,0,28.17,0,38.59,42.03,0,0,0,0,low
2024-01-25 01:00:00,0,0,0,29.55,0,48.92,55.0,0,0,0,0,low
2024-01-25 02:00:00,0,0,0,29.27,0,50.62,56.34,0,0,0,0,low
2024-01-25 03:00:00,0,0,0,28.41,0,43.7,45.13,0,0,0,0,low
2024-01-25 04:00:00,0,0,0,28.85,0,45.26,49.11,0,0,0,0,low
2024-01-25 05:00:00,0,0,0,29.01,0,51.59,55.28,0,0,0,0,low
2024-01-25 06:00:00,0,0,0,27.6,0,47.21,48.73,0,0,0,0,low
2024-01-25 07:00:00,0,0,0,28.88,0,43.31,47.26,0,0,0,0,low
2024-01-25 08:00:00,0,0,0,28.55,0,46.53,46.32,0,0,0,0,low
2024-01-25 09:00:00,0,0,0,28.94,0,46.88,49.02,0,0,0,0,low
2024-01-25 10:00:00,0,0,0,27.7,0,40.72,44.22,0,0,0,0,low
2024-01-25 11:00:00,0,0,0,26.38,0,39.78,44.62,0,0,0,0,low
2024-01-25 12:00:00,0,0,0,28.08,0,46.73,49.24,0,0,0,0,low
2024-01-25 13:00:00,0,0,0,27.6,0,44.82,43.68,0,0,0,0,low
2024-01-25 14:00:00,0,0,0,28.39,0,48.73,51.86,0,0,0,0,low
2024-01-25 15:00:00,0,0,0,25.57,0,30.04,37.06,0,0,0,0,low
2024-01-25 16:00:00,0,0,0,26.39,0,46.03,49.37,0,0,0,0,low
2024-01-25 17:00:00,0,0,0,28.36,0,45.21,46.91,0,0,0,0,low
2024-01-25 18:00:00,0,0,0,25.16,0,41.36,42.43,0,0,0,0,low
2024-01-25 19:00:00,0,0,0,25.97,0,41.94,45.5,0,0,0,0,low
2024-01-25 20:00:00,0,0,0,25.39,0,46.13,47.79,0,0,0,0,low
2024-01-25 21:00:00,0,0,0,24.33,0,36.72,38.93,0,0,0,0,low
2024-01-25 22:00:00,0,0,0,25.34,0,41.82,40.27,0,0,0,0,low
2024-01-25 23:00:00,0,0,0,23.45,0,39.08,42.45,0,0,0,0,low
2024-01-26 00:00:00,0,0,0,25.09,0,40.39,41.54,0,0,0,0,low
2024-01-26 01:00:00,0,0,0,24.51,0,41.37,44.46,0,0,0,0,low
2024-01-26 02:00:00,0,0,0,22.69,0,35.32,35.71,0,0,0,0,low
2024-01-26 03:00:00,0,0,0,23.91,0,37.77,42.05,0,0,0,0,low
2024-01-26 04:00:00,0,0,0,22.88,0,34.51,36.45,0,0,0,0,low
2024-01-26 05:00:00,0,0,0,21.51,0,31.14,36.12,0,0,0,0,low
2024-01-26 06:00:00,0,0,0,24.46,0,28.37,32.95,0,0,0,0,low
2024-01-26 07:00:00,0,0,0,21.46,0,21.41,27.83,0,0,0,0,low
2024-01-26 08:00:00,0,0,0,23.25,0,27.44,32.58,0,0,0,0,low
2024-01-26 09:00:00,0,0,0,22.2,0,37.23,36.48,0,0,0,0,low
2024-01-26 10:00:00,0,0,0,23.36,0,32.25,36.39,0,0,0,0,low
2024-01-26 11:00:00,0,0,0,21.67,0,32.4,31.81,0,0,0,0,low
2024-01-26 12:00:00,0,0,0,20.94,0,34.21,38.57,0,0,0,0,low
2024-01-26 13:00:00,0,0,0,23.55,0,35.32,34.07,0,0,0,0,low
2024-01-26 14:00:00,0,0,0,23.07,0,38.31,44.59,0,0,0,0,low
2024-01-26 15:00:00,0,0,0,20.79,0,34.39,38.04,0,0,0,0,low
2024-01-26 16:00:00,0,0,0,21.02,0,28.87,31.14,0,0,0,0,low
2024-01-26 17:00:00,0,0,0,22.06,0,28.82,28.73,0,0,0,0,low
2024-01-26 18:00:00,0,0,0,21.94,0,41.05,47.52,0,0,0,0,low
2024-01-26 19:00:00,0,0,0,22.6,0,31.4,33.11,0,0,0,0,low
2024-01-26 20:00:00,0,0,0,20.37,0,29.17,31.5,0,0,0,0,low
2024-01-26 21:00:00,0,0,0,20.82,0,37.19,41.04,0,0,0,0,low
2024-01-26 22:00:00,0,0,0,20.28,0,33.89,34.59,0,0,0,0,low
2024-01-26 23:00:00,0,0,0,20.79,0,25.55,32.69,0,0,0,0,low
2024-01-27 00:00:00,0,0,0,19.71,0,29.37,33.56,0,0,0,0,low
2024-01-27 01:00:00,0,0,0,18.93,0,34.19,35.41,0,0,0,0,low
2024-01-27 02:00:00,0,0,0,20.22,0,26.53,26.74,0,0,0,0,low
2024-01-27 03:00:00,0,0,0,20.01,0,33.95,38.0,0,0,0,0,low
2024-01-27 04:00:00,0,0,0,19.93,0,32.4,37.09,0,0,0,0,low
2024-01-27 05:00:00,0,0,0,19.13,0,31.23,33.8,0,0,0,0,low
2024-01-27 06:00:00,0,0,0,20.39,0,27.29,30.54,0,0,0,0,low
2024-01-27 07:00:00,0,0,0,19.16,0,28.03,31.3,0,0,0,0,low
2024-01-27 08:00:00,0,0,0,22.07,0,31.67,31.23,0,0,0,0,low
2024-01-27 09:00:00,0,0,0,21.1,0,31.57,31.25,0,0,0,0,low
2024-01-27 10:00:00,0,0,0,21.76,0,33.87,35.91,0,0,0,0,low
2024-01-27 11:00:00,0,0,0,19.53,0,27.78,34.2,0,0,0,0,low
2024-01-27 12:00:00,0,0,0,19.71,0,32.71,32.91,0,0,0,0,low
2024-01-27 13:00:00,0,0,0,19.86,0,28.59,31.25,0,0,0,0,low
2024-01-27 14:00:00,0,0,0,19.34,0,27.55,31.45,0,0,0,0,low
2024-01-27 15:00:00,0,0,0,20.7,0,30.37,34.81,0,0,0,0,low
2024-01-27 16:00:00,0,0,0,19.23,0,28.68,30.91,0,0,0,0,low
2024-01-27 17:00:00,0,0,0,20.55,0,30.75,31.14,0,0,0,0,low
2024-01-27 18:00:00,0,0,0,19.48,0,34.69,38.45,0,0,0,0,low
2024-01-27 19:00:00,0,0,0,21.47,0,37.17,40.26,0,0,0,0,low
2024-01-27 20:00:00,0,0,0,21.39,0,32.71,36.37,0,0,0,0,low
2024-01-27 21:00:00,0,0,0,21.24,0,28.22,32.51,0,0,0,0,low
2024-01-27 22:00:00,0,0,0,20.88,0,30.8,34.42,0,0,0,0,low
2024-01-27 23:00:00,0,0,0,23.58,0,35.19,37.88,0,0,0,0,low
2024-01-28 00:00:00,0,0,0,22.75,0,36.01,40.77,0,0,0,0,low
2024-01-28 01:00:00,0,0,0,19.69,0,26.24,28.76,0,0,0,0,low
2024-01-28 02:00:00,0,0,0,22.63,0,43.3,45.91,0,0,0,0,low
2024-01-28 03:00:00,0,0,0,22.6,0,32.73,34.43,0,0,0,0,low
2024-01-28 04:00:00,0,0,0,21.18,0,39.81,43.07,0,0,0,0,low
2024-01-28 05:00:00,0,0,0,22.84,0,38.74,42.38,0,0,0,0,low
2024-01-28 06:00:00,0,0,0,23.67,0,38.01,39.64,0,0,0,0,low
2024-01-28 07:00:00,0,0,0,22.51,0,33.25,37.08,0,0,0,0,low
2024-01-28 08:00:00,0,0,0,22.72,0,37.45,39.06,0,0,0,0,low
2024-01-28 09:00:00,0,0,0,21.81,0,33.37,36.51,0,0,0,0,low
2024-01-28 10:00:00,0,0,0,24.79,0,41.73,42.25,0,0,0,0,low
2024-01-28 11:00:00,0,0,0,23.45,0,33.83,38.27,0,0,0,0,low
2024-01-28 12:00:00,0,0,0,24.17,0,37.85,38.82,0,0,0,0,low
2024-01-28 13:00:00,0,0,0,25.33,0,49.14,51.38,0,0,0,0,low
2024-01-28 14:00:00,0,0,0,22.73,0,31.42,34.19,0,0,0,0,low
2024-01-28 15:00:00,0,0,0,23.49,0,44.34,47.0,0,0,0,0,low
2024-01-28 16:00:00,0,0,0,24.09,0,43.22,43.67,0,0,0,0,low
2024-01-28 17:00:00,0,0,0,24.9,0,47.85,49.93,0,0,0,0,low
2024-01-28 18:00:00,0,0,0,23.57,0,34.11,39.79,0,0,0,0,low
2024-01-28 19:00:00,0,0,0,25.32,0,45.4,45.86,0,0,0,0,low
2024-01-28 20:00:00,0,0,0,26.32,0,47.49,53.18,0,0,0,0,low
2024-01-28 21:00:00,0,0,0,24.88,0,39.57,42.57,0,0,0,0,low
2024-01-28 22:00:00,0,0,0,24.98,0,36.79,41.53,0,0,0,0,low
2024-01-28 23:00:00,0,0,0,25.55,0,35.81,36.56,0,0,0,0,low
2024-01-29 00:00:00,0,0,0,26.92,0,34.1,36.31,0,0,0,0,low
2024-01-29 01:00:00,0,0,0,27.59,0,44.8,46.56,0,0,0,0,low
2024-01-29 02:00:00,0,0,0,28.49,0,41.23,42.26,0,0,0,0,low
2024-01-29 03:00:00,0,0,0,27.92,0,45.12,47.09,0,0,0,0,low
2024-01-29 04:00:00,0,0,0,26.31,0,42.09,49.01,0,0,0,0,low
2024-01-29 05:00:00,0,0,0,27.79,0,38.27,37.74,0,0,0,0,low
2024-01-29 06:00:00,0,0,0,28.8,0,46.87,50.72,0,0,0,0,low
2024-01-29 07:00:00,0,0,0,28.46,0,43.02,51.12,0,0,0,0,low
2024-01-29 08:00:00,0,0,0,28.54,0,50.69,51.65,0,0,0,0,low
2024-01-29 09:00:00,0,0,0,28.84,0,45.16,46.4,0,0,0,0,low
2024-01-29 10:00:00,0,0,0,29.05,0,47.06,49.16,0,0,0,0,low
2024-01-29 11:00:00,0,0,0,28.83,0,42.43,44.17,0,0,0,0,low
2024-01-29 12:00:00,0,0,0,30.88,0,51.14,52.85,0,0,0,0,low
2024-01-29 13:00:00,0,0,0,29.35,0,53.35,55.51,0,0,0,0,low
2024-01-29 14:00:00,0,0,0,28.4,0,42.86,46.0,0,0,0,0,low
2024-01-29 15:00:00,0,0,0,29.56,0,54.8,59.08,0,0,0,0,low
2024-01-29 16:00:00,0,0,0,28.29,0,49.64,54.11,0,0,0,0,low
2024-01-29 17:00:00,0,0,0,29.6,0,50.16,55.05,0,0,0,0,low
2024-01-29 18:00:00,0,0,0,30.8,0,46.87,47.19,0,0,0,0,low
2024-01-29 19:00:00,0,0,0,30.99,0,47.68,48.67,0,0,0,0,low
2024-01-29 20:00:00,0,0,0,27.76,0,45.64,46.68,0,0,0,0,low
2024-01-29 21:00:00,0,0,0,29.44,0,54.86,59.42,0,0,0,0,low
2024-01-29 22:00:00,0,0,0,29.14,0,51.0,53.07,0,0,0,0,low
2024-01-29 23:00:00,0,0,0,32.55,0,43.61,45.93,0,0,0,0,low
2024-01-30 00:00:00,0,0,0,29.7,0,41.92,43.7,0,0,0,0,low
2024-01-30 01:00:00,0,0,0,28.65,0,40.73,41.85,0,0,0,0,low
2024-01-30 02:00:00,0,0,0,30.46,0,57.59,61.55,0,0,0,0,low
2024-01-30 03:00:00,0,0,0,31.23,0,53.09,54.33,0,0,0,0,low
2024-01-30 04:00:00,0,0,0,29.65,0,48.03,49.51,0,0,0,0,low
2024-01-30 05:00:00,0,0,0,30.78,0,48.33,48.29,0,0,0,0,low
2024-01-30 06:00:00,0,0,0,30.55,0,48.15,52.73,0,0,0,0,low
2024-01-30 07:00:00,0,0,0,29.13,0,52.57,54.23,0,0,0,0,low
2024-01-30 08:00:00,0,0,0,30.27,0,56.73,60.09,0,0,0,0,low
2024-01-30 09:00:00,0,0,0,29.63,0,48.77,54.14,0,0,0,0,low
2024-01-30 10:00:00,0,0,0,30.89,0,54.94,59.91,0,0,0,0,low
2024-01-30 11:00:00,0,0,0,27.79,0,54.34,56.28,0,0,0,0,low
2024-01-30 12:00:00,0,0,0,28.15,0,42.95,43.67,0,0,0,0,low
2024-01-30 13:00:00,0,0,0,28.83,0,53.5,59.34,0,0,0,0,low
2024-01-30 14:00:00,0,0,0,29.52,0,51.56,55.81,0,0,0,0,low
2024-01-30 15:00:00,0,0,0,28.61,0,51.73,54.38,0,0,0,0,low
2024-01-30 16:00:00,0,0,0,29.69,0,57.57,63.38,0,0,0,0,low
2024-01-30 17:00:00,0,0,0,28.92,0,44.61,47.93,0,0,0,0,low
2024-01-30 18:00:00,0,0,0,28.18,0,43.48,44.93,0,0,0,0,low
2024-01-30 19:00:00,0,0,0,27.69,0,38.82,42.86,0,0,0,0,low
2024-01-30 20:00:00,0,0,0,28.04,0,47.43,50.08,0,0,0,0,low
2024-01-30 21:00:00,0,0,0,27.28,0,46.94,52.11,0,0,0,0,low
2024-01-30 22:00:00,0,0,0,29.97,0,49.72,50.01,0,0,0,0,low
2024-01-30 23:00:00,0,0,0,27.9,0,42.37,42.77,0,0,0,0,low
2024-01-31 00:00:00,0,0,0,29.29,0,46.8,48.53,0,0,0,0,low
2024-01-31 01:00:00,0,0,0,27.84,0,45.83,52.41,0,0,0,0,low
2024-01-31 02:00:00,0,0,0,25.67,0,42.99,45.02,0,0,0,0,low
2024-01-31 03:00:00,0,0,0,27.54,0,44.09,49.0,0,0,0,0,low
2024-01-31 04:00:00,0,0,0,27.61,0,46.39,48.61,0,0,0,0,low
2024-01-31 05:00:00,0,0,0,28.12,0,45.11,45.53,0,0,0,0,low
2024-01-31 06:00:00,0,0,0,25.4,0,37.86,36.69,0,0,0,0,low
2024-01-31 07:00:00,0,0,0,25.91,0,46.66,49.94,0,0,0,0,low
2024-01-31 08:00:00,0,0,0,23.85,0,45.06,48.27,0,0,0,0,low
2024-01-31 09:00:00,0,0,0,26.77,0,47.7,50.64,0,0,0,0,low
2024-01-31 10:00:00,0,0,0,27.93,0,45.86,47.24,0,0,0,0,low
2024-01-31 11:00:00,0,0,0,24.66,0,38.79,42.12,0,0,0,0,low
2024-01-31 12:00:00,0,0,0,26.23,0,39.59,43.14,0,0,0,0,low
2024-01-31 13:00:00,0,0,0,23.69,0,41.3,44.38,0,0,0,0,low
2024-01-31 14:00:00,0,0,0,25.14,0,38.62,41.63,0,0,0,0,low
2024-01-31 15:00:00,0,0,0,25.15,0,39.69,38.36,0,0,0,0,low
2024-01-31 16:00:00,0,0,0,25.86,0,48.42,49.73,0,0,0,0,low
2024-01-31 17:00:00,0,0,0,25.31,0,45.89,48.57,0,0,0,0,low
2024-01-31 18:00:00,0,0,0,24.86,0,42.71,49.12,0,0,0,0,low
2024-01-31 19:00:00,0,0,0,23.83,0,49.87,53.83,0,0,0,0,low
2024-01-31 20:00:00,0,0,0,23.88,0,31.59,33.51,0,0,0,0,low
2024-01-31 21:00:00,0,0,0,22.22,0,34.5,37.8,0,0,0,0,low
2024-01-31 22:00:00,0,0,0,24.28,0,43.95,43.08,0,0,0,0,low
2024-01-31 23:00:00,0,0,0,22.93,0,35.42,41.43,0,0,0,0,low
2024-02-01 00:00:00,0,0,0,22.23,0,42.21,48.1,0,0,0,0,low
2024-02-01 01:00:00,0,0,0,22.91,0,31.56,36.65,0,0,0,0,low
2024-02-01 02:00:00,0,0,0,22.45,0,36.52,40.56,0,0,0,0,low
2024-02-01 03:00:00,0,0,0,21.22,0,33.88,34.6,0,0,0,0,low
2024-02-01 04:00:00,0,0,0,20.77,0,31.97,34.69,0,0,0,0,low
2024-02-01 05:00:00,0,0,0,22.14,0,31.47,34.88,0,0,0,0,low
2024-02-01 06:00:00,0,0,0,22.06,0,33.31,34.29,0,0,0,0,low
2024-02-01 07:00:00,0,0,0,21.0,0,35.12,37.82,0,0,0,0,low
2024-02-01 08:00:00,0,0,0,20.95,0,32.34,38.51,0,0,0,0,low
2024-02-01 09:00:00,0,0,0,21.77,0,35.53,40.95,0,0,0,0,low
2024-02-01 10:00:00,0,0,0,21.17,0,32.52,34.28,0,0,0,0,low
2024-02-01 11:00:00,0,0,0,19.58,0,37.03,39.27,0,0,0,0,low
2024-02-01 12:00:00,0,0,0,21.54,0,30.78,33.01,0,0,0,0,low
2024-02-01 13:00:00,0,0,0,21.11,0,30.17,34.04,0,0,0,0,low
2024-02-01 14:00:00,0,0,0,19.91,0,31.13,32.45,0,0,0,0,low
2024-02-01 15:00:00,0,0,0,19.53,0,29.12,33.02,0,0,0,0,low
2024-02-01 16:00:00,0,0,0,19.58,0,25.92,27.73,0,0,0,0,low
2024-02-01 17:00:00,0,0,0,20.45,0,26.17,29.49,0,0,0,0,low
2024-02-01 18:00:00,0,0,0,21.11,0,39.26,45.2,0,0,0,0,low
2024-02-01 19:00:00,0,0,0,20.56,0,33.79,34.65,0,0,0,0,low
2024-02-01 20:00:00,0,0,0,19.24,0,37.54,41.97,0,0,0,0,low
2024-02-01 21:00:00,0,0,0,20.65,0,32.96,36.41,0,0,0,0,low
2024-02-01 22:00:00,0,0,0,19.46,0,37.48,39.08,0,0,0,0,low
2024-02-01 23:00:00,0,0,0,20.38,0,26.19,25.5,0,0,0,0,low
2024-02-02 00:00:00,0,0,0,19.06,0,20.77,26.47,0,0,0,0,low
2024-02-02 01:00:00,0,0,0,19.69,0,26.36,28.88,0,0,0,0,low
2024-02-02 02:00:00,0,0,0,19.33,0,21.3,25.24,0,0,0,0,low
2024-02-02 03:00:00,0,0,0,20.36,0,27.89,29.61,0,0,0,0,low
2024-02-02 04:00:00,0,0,0,19.62,0,29.35,37.01,0,0,0,0,low
2024-02-02 05:00:00,0,0,0,20.0,0,37.58,40.7,0,0,0,0,low
2024-02-02 06:00:00,0,0,0,21.49,0,32.35,37.14,0,0,0,0,low
2024-02-02 07:00:00,0,0,0,22.23,0,33.22,35.79,0,0,0,0,low
2024-02-02 08:00:00,0,0,0,19.19,0,31.07,33.93,0,0,0,0,low
2024-02-02 09:00:00,0,0,0,21.86,0,34.13,36.84,0,0,0,0,low
2024-02-02 10:00:00,0,0,0,22.77,0,31.97,35.69,0,0,0,0,low
2024-02-02 11:00:00,0,0,0,20.91,0,30.5,29.44,0,0,0,0,low
2024-02-02 12:00:00,0,0,0,22.84,0,33.8,36.06,0,0,0,0,low
2024-02-02 13:00:00,0,0,0,20.43,0,29.47,31.09,0,0,0,0,low
2024-02-02 14:00:00,0,0,0,22.02,0,34.94,36.32,0,0,0,0,low
2024-02-02 15:00:00,0,0,0,23.05,0,34.32,38.97,0,0,0,0,low
2024-02-02 16:00:00,0,0,0,19.34,0,28.57,32.31,0,0,0,0,low
2024-02-02 17:00:00,0,0,0,23.12,0,31.74,33.49,0,0,0,0,low
2024-02-02 18:00:00,0,0,0,22.65,0,41.19,46.86,0,0,0,0,low
2024-02-02 19:00:00,0,0,0,24.68,0,35.38,38.55,0,0,0,0,low
2024-02-02 20:00:00,0,0,0,22.76,0,41.59,44.23,0,0,0,0,low
2024-02-02 21:00:00,0,0,0,22.04,0,28.53,33.04,0,0,0,0,low
2024-02-02 22:00:00,0,0,0,22.99,0,39.78,42.19,0,0,0,0,low
2024-02-02 23:00:00,0,0,0,22.12,0,35.45,39.26,0,0,0,0,low
2024-02-03 00:00:00,0,0,0,24.37,0,28.1,32.17,0,0,0,0,low
2024-02-03 01:00:00,0,0,0,22.45,0,42.74,43.8,0,0,0,0,low
2024-02-03 02:00:00,0,0,0,24.87,0,45.66,47.26,0,0,0,0,low
2024-02-03 03:00:00,0,0,0,24.33,0,33.36,34.71,0,0,0,0,low
2024-02-03 04:00:00,0,0,0,22.76,0,41.38,46.25,0,0,0,0,low
2024-02-03 05:00:00,0,0,0,23.45,0,35.75,39.74,0,0,0,0,low
2024-02-03 06:00:00,0,0,0,24.03,0,38.55,42.68,0,0,0,0,low
2024-02-03 07:00:00,0,0,0,25.61,0,36.46,38.74,0,0,0,0,low
2024-02-03 08:00:00,0,0,0,24.2,0,33.77,39.08,0,0,0,0,low
2024-02-03 09:00:00,0,0,0,25.51,0,39.48,42.58,0,0,0,0,low
2024-02-03 10:00:00,0,0,0,25.79,0,49.67,51.23,0,0,0,0,low
2024-02-03 11:00:00,0,0,0,24.75,0,45.03,47.9,0,0,0,0,low
2024-02-03 12:00:00,0,0,0,26.1,0,42.66,46.86,0,0,0,0,low
2024-02-03 13:00:00,0,0,0,24.95,0,43.49,46.94,0,0,0,0,low
2024-02-03 14:00:00,0,0,0,25.28,0,38.63,40.02,0,0,0,0,low
2024-02-03 15:00:00,0,0,0,27.62,0,50.24,57.62,0,0,0,0,low
2024-02-03 16:00:00,0,0,0,27.15,0,51.49,51.07,0,0,0,0,low
2024-02-03 17:00:00,0,0,0,26.63,0,37.57,37.67,0,0,0,0,low
2024-02-03 18:00:00,0,0,0,27.65,0,47.65,50.11,0,0,0,0,low
2024-02-03 19:00:00,0,0,0,28.55,0,37.43,41.08,0,0,0,0,low
2024-02-03 20:00:00,0,0,0,27.38,0,42.67,46.42,0,0,0,0,low
2024-02-03 21:00:00,0,0,0,26.92,0,49.43,54.27,0,0,0,0,low
2024-02-03 22:00:00,0,0,0,27.29,0,51.25,51.16,0,0,0,0,low
2024-02-03 23:00:00,0,0,0,28.61,0,46.83,49.89,0,0,0,0,low
2024-02-04 00:00:00,0,0,0,27.2,0,47.58,49.99,0,0,0,0,low
2024-02-04 01:00:00,0,0,0,29.35,0,49.02,51.73,0,0,0,0,low
2024-02-04 02:00:00,0,0,0,27.82,0,49.02,51.71,0,0,0,0,low
2024-02-04 03:00:00,0,0,0,29.2,0,44.56,47.52,0,0,0,0,low
2024-02-04 04:00:00,0,0,0,27.29,0,46.62,45.48,0,0,0,0,low
2024-02-04 05:00:00,0,0,0,29.6,0,44.2,47.23,0,0,0,0,low
2024-02-04 06:00:00,0,0,0,28.77,0,40.82,45.46,0,0,0,0,low
2024-02-04 07:00:00,0,0,0,29.59,0,58.78,59.27,0,0,0,0,low
2024-02-04 08:00:00,0,0,0,29.3,0,51.36,56.16,0,0,0,0,low
2024-02-04 09:00:00,0,0,0,29.74,0,56.36,56.33,0,0,0,0,low
2024-02-04 10:00:00,0,0,0,29.21,0,50.04,52.87,0,0,0,0,low
2024-02-04 11:00:00,0,0,0,28.74,0,44.48,47.98,0,0,0,0,low
2024-02-04 12:00:00,0,0,0,30.97,0,51.55,55.53,0,0,0,0,low
2024-02-04 13:00:00,0,0,0,28.57,0,50.98,54.59,0,0,0,0,low
2024-02-04 14:00:00,0,0,0,30.54,0,50.38,52.57,0,0,0,0,low
2024-02-04 15:00:00,0,0,0,30.85,0,59.86,59.32,0,0,0,0,low
2024-02-04 16:00:00,0,0,0,29.23,0,50.14,53.79,0,0,0,0,low
2024-02-04 17:00:00,0,0,0,29.8,0,59.46,64.95,0,0,0,0,low
2024-02-04 18:00:00,0,0,0,30.47,0,40.38,41.85,0,0,0,0,low
2024-02-04 19:00:00,0,0,0,28.94,0,51.7,53.85,0,0,0,0,low
2024-02-04 20:00:00,0,0,0,30.39,0,52.24,54.09,0,0,0,0,low
2024-02-04 21:00:00,0,0,0,30.28,0,46.84,48.28,0,0,0,0,low
2024-02-04 22:00:00,0,0,0,28.15,0,45.55,48.66,0,0,0,0,low
2024-02-04 23:00:00,0,0,0,29.72,0,60.69,62.23,0,0,0,0,low
2024-02-05 00:00:00,0,0,0,28.69,0,45.38,49.55,0,0,0,0,low
2024-02-05 01:00:00,0,0,0,30.1,0,44.2,46.31,0,0,0,0,low
2024-02-05 02:00:00,0,0,0,29.28,0,49.23,52.73,0,0,0,0,low
2024-02-05 03:00:00,0,0,0,29.09,0,45.36,46.33,0,0,0,0,low
2024-02-05 04:00:00,0,0,0,30.32,0,49.82,54.02,0,0,0,0,low
2024-02-05 05:00:00,0,0,0,29.57,0,53.8,55.97,0,0,0,0,low
2024-02-05 06:00:00,0,0,0,28.27,0,46.7,51.11,0,0,0,0,low
2024-02-05 07:00:00,0,0,0,28.88,0,48.3,51.15,0,0,0,0,low
2024-02-05 08:00:00,0,0,0,26.59,0,37.3,40.08,0,0,0,0,low
2024-02-05 09:00:00,0,0,0,29.62,0,57.76,60.53,0,0,0,0,low
2024-02-05 10:00:00,0,0,0,27.62,0,50.2,51.79,0,0,0,0,low
2024-02-05 11:00:00,0,0,0,28.64,0,41.19,39.84,0,0,0,0,low
2024-02-05 12:00:00,0,0,0,26.89,0,45.23,50.49,0,0,0,0,low
2024-02-05 13:00:00,0,0,0,27.18,0,45.34,49.41,0,0,0,0,low
2024-02-05 14:00:00,0,0,0,27.09,0,50.82,52.71,0,0,0,0,low
2024-02-05 15:00:00,0,0,0,27.99,0,46.91,46.18,0,0,0,0,low
2024-02-05 16:00:00,0,0,0,27.13,0,38.16,41.58,0,0,0,0,low
2024-02-05 17:00:00,0,0,0,26.99,0,51.54,53.17,0,0,0,0,low
2024-02-05 18:00:00,0,0,0,26.74,0,41.5,44.72,0,0,0,0,low
2024-02-05 19:00:00,0,0,0,24.99,0,45.65,46.8,0,0,0,0,low
2024-02-05 20:00:00,0,0,0,24.87,0,40.37,47.38,0,0,0,0,low
2024-02-05 21:00:00,0,0,0,25.08,0,38.3,43.14,0,0,0,0,low
2024-02-05 22:00:00,0,0,0,26.17,0,37.7,36.57,0,0,0,0,low
2024-02-05 23:00:00,0,0,0,24.88,0,38.12,42.63,0,0,0,0,low
2024-02-06 00:00:00,0,0,0,25.48,0,41.04,42.44,0,0,0,0,low
2024-02-06 01:00:00,0,0,0,26.17,0,41.37,45.91,0,0,0,0,low
2024-02-06 02:00:00,0,0,0,24.67,0,37.2,44.75,0,0,0,0,low
2024-02-06 03:00:00,0,0,0,24.64,0,36.93,41.57,0,0,0,0,low
2024-02-06 04:00:00,0,0,0,23.95,0,31.84,30.23,0,0,0,0,low
2024-02-06 05:00:00,0,0,0,24.3,0,50.16,53.95,0,0,0,0,low
2024-02-06 06:00:00,0,0,0,25.39,0,40.35,41.85,0,0,0,0,low
2024-02-06 07:00:00,0,0,0,21.99,0,30.89,34.98,0,0,0,0,low
2024-02-06 08:00:00,0,0,0,25.78,0,48.41,52.88,0,0,0,0,low
2024-02-06 09:00:00,0,0,0,22.96,0,44.29,47.55,0,0,0,0,low
2024-02-06 10:00:00,0,0,0,22.93,0,25.26,30.34,0,0,0,0,low
2024-02-06 11:00:00,0,0,0,23.51,0,32.32,39.84,0,0,0,0,low
2024-02-06 12:00:00,0,0,0,24.56,0,38.77,41.39,0,0,0,0,low
2024-02-06 13:00:00,0,0,0,22.09,0,36.0,38.19,0,0,0,0,low
2024-02-06 14:00:00,0,0,0,21.58,0,31.47,34.8,0,0,0,0,low
2024-02-06 15:00:00,0,0,0,21.72,0,40.35,45.92,0,0,0,0,low
2024-02-06 16:00:00,0,0,0,22.41,0,32.41,36.3,0,0,0,0,low
2024-02-06 17:00:00,0,0,0,20.76,0,32.21,38.14,0,0,0,0,low
2024-02-06 18:00:00,0,0,0,22.03,0,35.97,36.33,0,0,0,0,low
2024-02-06 19:00:00,0,0,0,21.66,0,29.09,33.69,0,0,0,0,low
2024-02-06 20:00:00,0,0,0,21.1,0,29.91,35.33,0,0,0,0,low
2024-02-06 21:00:00,0,0,0,22.13,0,41.29,42.77,0,0,0,0,low
2024-02-06 22:00:00,0,0,0,20.73,0,32.24,35.0,0,0,0,0,low
2024-02-06 23:00:00,0,0,0,19.53,0,23.25,23.02,0,0,0,0,low
2024-02-07 00:00:00,0,0,0,20.5,0,31.99,33.83,0,0,0,0,low
2024-02-07 01:00:00,0,0,0,20.6,0,31.7,36.61,0,0,0,0,low
2024-02-07 02:00:00,0,0,0,19.85,0,19.26,22.88,0,0,0,0,low
2024-02-07 03:00:00,0,0,0,21.63,0,36.42,43.49,0,0,0,0,low
2024-02-07 04:00:00,0,0,0,22.25,0,41.44,47.17,0,0,0,0,low
2024-02-07 05:00:00,0,0,0,20.13,0,27.08,31.14,0,0,0,0,low
2024-02-07 06:00:00,0,0,0,20.51,0,27.15,28.99,0,0,0,0,low
2024-02-07 07:00:00,0,0,0,19.81,0,35.32,40.67,0,0,0,0,low
2024-02-07 08:00:00,0,0,0,21.26,0,31.74,37.31,0,0,0,0,low
2024-02-07 09:00:00,0,0,0,19.59,0,24.99,25.01,0,0,0,0,low
2024-02-07 10:00:00,0,0,0,19.45,0,27.3,25.21,0,0,0,0,low
2024-02-07 11:00:00,0,0,0,20.24,0,30.61,36.94,0,0,0,0,low
2024-02-07 12:00:00,0,0,0,21.28,0,23.98,26.17,0,0,0,0,low
2024-02-07 13:00:00,0,0,0,20.5,0,35.12,37.7,0,0,0,0,low
2024-02-07 14:00:00,0,0,0,20.78,0,21.43,24.13,0,0,0,0,low
2024-02-07 15:00:00,0,0,0,21.53,0,36.72,41.45,0,0,0,0,low
2024-02-07 16:00:00,0,0,0,21.09,0,34.68,39.57,0,0,0,0,low
2024-02-07 17:00:00,0,0,0,21.15,0,29.38,33.97,0,0,0,0,low
2024-02-07 18:00:00,0,0,0,20.17,0,22.97,26.92,0,0,0,0,low
2024-02-07 19:00:00,0,0,0,19.28,0,30.77,34.97,0,0,0,0,low
2024-02-07 20:00:00,0,0,0,21.7,0,31.68,33.63,0,0,0,0,low
2024-02-07 21:00:00,0,0,0,23.73,0,30.29,32.66,0,0,0,0,low
2024-02-07 22:00:00,0,0,0,19.26,0,31.66,34.42,0,0,0,0,low
2024-02-07 23:00:00,0,0,0,20.87,0,34.89,37.93,0,0,0,0,low
2024-02-08 00:00:00,0,0,0,22.4,0,40.86,40.52,0,0,0,0,low
2024-02-08 01:00:00,0,0,0,21.29,0,35.68,36.42,0,0,0,0,low
2024-02-08 02:00:00,0,0,0,19.19,0,32.42,33.31,0,0,0,0,low
2024-02-08 03:00:00,0,0,0,22.15,0,34.52,36.91,0,0,0,0,low
2024-02-08 04:00:00,0,0,0,23.05,0,34.91,38.69,0,0,0,0,low
2024-02-08 05:00:00,0,0,0,21.79,0,28.6,31.07,0,0,0,0,low
2024-02-08 06:00:00,0,0,0,21.35,0,39.47,43.42,0,0,0,0,low
2024-02-08 07:00:00,0,0,0,21.75,0,33.29,37.67,0,0,0,0,low
2024-02-08 08:00:00,0,0,0,22.03,0,33.35,35.86,0,0,0,0,low
2024-02-08 09:00:00,0,0,0,21.83,0,24.56,27.74,0,0,0,0,low
2024-02-08 10:00:00,0,0,0,21.34,0,30.82,34.54,0,0,0,0,low
2024-02-08 11:00:00,0,0,0,22.71,0,34.49,36.09,0,0,0,0,low
2024-02-08 12:00:00,0,0,0,23.51,0,28.38,28.3,0,0,0,0,low
2024-02-08 13:00:00,0,0,0,24.37,0,29.93,34.05,0,0,0,0,low
2024-02-08 14:00:00,0,0,0,24.27,0,40.35,44.51,0,0,0,0,low
2024-02-08 15:00:00,0,0,0,22.52,0,41.41,44.3,0,0,0,0,low
2024-02-08 16:00:00,0,0,0,24.76,0,39.78,39.74,0,0,0,0,low
2024-02-08 17:00:00,0,0,0,25.08,0,39.42,44.0,0,0,0,0,low
2024-02-08 18:00:00,0,0,0,23.98,0,39.25,44.55,0,0,0,0,low
2024-02-08 19:00:00,0,0,0,24.3,0,39.95,40.56,0,0,0,0,low
2024-02-08 20:00:00,0,0,0,23.04,0,37.88,40.58,0,0,0,0,low
2024-02-08 21:00:00,0,0,0,26.54,0,40.05,43.91,0,0,0,0,low
2024-02-08 22:00:00,0,0,0,23.91,0,47.07,50.68,0,0,0,0,low
2024-02-08 23:00:00,0,0,0,25.44,0,39.55,41.99,0,0,0,0,low
2024-02-09 00:00:00,0,0,0,25.98,0,33.82,34.83,0,0,0,0,low
2024-02-09 01:00:00,0,0,0,25.36,0,41.25,45.31,0,0,0,0,low
2024-02-09 02:00:00,0,0,0,26.5,0,45.88,47.76,0,0,0,0,low
2024-02-09 03:00:00,0,0,0,28.28,0,44.56,45.95,0,0,0,0,low
2024-02-09 04:00:00,0,0,0,27.43,0,33.3,34.98,0,0,0,0,low
2024-02-09 05:00:00,0,0,0,26.53,0,48.22,51.82,0,0,0,0,low
2024-02-09 06:00:00,0,0,0,26.62,0,51.3,54.79,0,0,0,0,low
2024-02-09 07:00:00,0,0,0,27.57,0,58.29,64.85,0,0,0,0,low
2024-02-09 08:00:00,0,0,0,27.68,0,49.13,52.4,0,0,0,0,low
2024-02-09 09:00:00,0,0,0,27.32,0,50.84,55.3,0,0,0,0,low
2024-02-09 10:00:00,0,0,0,26.07,0,49.82,49.25,0,0,0,0,low
2024-02-09 11:00:00,0,0,0,28.29,0,47.76,51.8,0,0,0,0,low
2024-02-09 12:00:00,0,0,0,27.1,0,51.03,53.76,0,0,0,0,low
2024-02-09 13:00:00,0,0,0,28.8,0,53.24,52.88,0,0,0,0,low
2024-02-09 14:00:00,0,0,0,28.13,0,45.1,47.17,0,0,0,0,low
2024-02-09 15:00:00,0,0,0,27.93,0,39.43,41.58,0,0,0,0,low
2024-02-09 16:00:00,0,0,0,28.67,0,47.49,53.46,0,0,0,0,low
2024-02-09 17:00:00,0,0,0,29.54,0,52.91,53.43,0,0,0,0,low
2024-02-09 18:00:00,0,0,0,29.8,0,44.68,49.38,0,0,0,0,low
2024-02-09 19:00:00,0,0,0,30.37,0,55.3,62.44,0,0,0,0,low
2024-02-09 20:00:00,0,0,0,27.67,0,41.34,43.09,0,0,0,0,low
2024-02-09 21:00:00,0,0,0,30.17,0,49.65,50.01,0,0,0,0,low
2024-02-09 22:00:00,0,0,0,30.46,0,51.64,55.68,0,0,0,0,low
2024-02-09 23:00:00,0,0,0,31.01,0,50.21,48.38,0,0,0,0,low
2024-02-10 00:00:00,0,0,0,32.6,0,52.9,57.77,0,0,0,0,low
2024-02-10 01:00:00,0,0,0,28.27,0,55.7,57.5,0,0,0,0,low
2024-02-10 02:00:00,0,0,0,28.56,0,55.84,58.02,0,0,0,0,low
2024-02-10 03:00:00,0,0,0,28.82,0,43.03,48.13,0,0,0,0,low
2024-02-10 04:00:00,0,0,0,29.6,0,52.49,54.76,0,0,0,0,low
2024-02-10 05:00:00,0,0,0,28.86,0,39.2,43.93,0,0,0,0,low
2024-02-10 06:00:00,0,0,0,31.14,0,52.33,56.7,0,0,0,0,low
2024-02-10 07:00:00,0,0,0,29.36,0,45.91,53.35,0,0,0,0,low
2024-02-10 08:00:00,0,0,0,31.92,0,54.72,55.89,0,0,0,0,low
2024-02-10 09:00:00,0,0,0,30.57,0,55.03,59.12,0,0,0,0,low
2024-02-10 10:00:00,0,0,0,29.18,0,46.13,49.63,0,0,0,0,low
2024-02-10 11:00:00,0,0,0,30.18,0,56.57,60.54,0,0,0,0,low
2024-02-10 12:00:00,0,0,0,30.9,0,58.9,62.25,0,0,0,0,low
2024-02-10 13:00:00,0,0,0,30.96,0,49.3,46.04,0,0,0,0,low
2024-02-10 14:00:00,0,0,0,28.87,0,41.2,42.41,0,0,0,0,low
2024-02-10 15:00:00,0,0,0,30.13,0,51.94,57.21,0,0,0,0,low
2024-02-10 16:00:00,0,0,0,29.46,0,49.59,53.89,0,0,0,0,low
2024-02-10 17:00:00,0,0,0,28.24,0,44.96,50.03,0,0,0,0,low
2024-02-10 18:00:00,0,0,0,26.65,0,52.86,56.21,0,0,0,0,low
2024-02-10 19:00:00,0,0,0,28.26,0,41.25,44.86,0,0,0,0,low
2024-02-10 20:00:00,0,0,0,32.22,0,45.62,46.97,0,0,0,0,low
2024-02-10 21:00:00,0,0,0,28.14,0,37.8,41.31,0,0,0,0,low
2024-02-10 22:00:00,0,0,0,27.83,0,36.52,42.19,0,0,0,0,low
2024-02-10 23:00:00,0,0,0,28.21,0,38.86,39.8,0,0,0,0,low
2024-02-11 00:00:00,0,0,0,28.37,0,52.25,54.0,0,0,0,0,low
2024-02-11 01:00:00,0,0,0,26.88,0,42.49,44.44,0,0,0,0,low
2024-02-11 02:00:00,0,0,0,29.29,0,56.57,57.16,0,0,0,0,low
2024-02-11 03:00:00,0,0,0,28.67,0,47.57,53.06,0,0,0,0,low
2024-02-11 04:00:00,0,0,0,28.16,0,53.58,58.18,0,0,0,0,low
2024-02-11 05:00:00,0,0,0,27.15,0,48.78,53.29,0,0,0,0,low
2024-02-11 06:00:00,0,0,0,25.84,0,39.2,42.4,0,0,0,0,low
2024-02-11 07:00:00,0,0,0,27.62,0,52.6,59.21,0,0,0,0,low
2024-02-11 08:00:00,0,0,0,27.99,0,52.12,55.35,0,0,0,0,low
2024-02-11 09:00:00,0,0,0,26.42,0,49.89,53.79,0,0,0,0,low
2024-02-11 10:00:00,0,0,0,26.38,0,43.51,49.32,0,0,0,0,low
2024-02-11 11:00:00,0,0,0,28.05,0,49.92,55.38,0,0,0,0,low
2024-02-11 12:00:00,0,0,0,24.92,0,40.57,41.9,0,0,0,0,low
2024-02-11 13:00:00,0,0,0,25.71,0,41.77,43.03,0,0,0,0,low
2024-02-11 14:00:00,0,0,0,22.77,0,35.37,36.39,0,0,0,0,low
2024-02-11 15:00:00,0,0,0,24.62,0,37.92,41.54,0,0,0,0,low
